-- phpMyAdmin SQL Dump
-- version 4.8.3
-- https://www.phpmyadmin.net/
--
-- Host: 127.0.0.1
-- Generation Time: Aug 21, 2019 at 04:29 PM
-- Server version: 10.1.36-MariaDB
-- PHP Version: 7.2.11

SET SQL_MODE = "NO_AUTO_VALUE_ON_ZERO";
SET AUTOCOMMIT = 0;
START TRANSACTION;
SET time_zone = "+00:00";


/*!40101 SET @OLD_CHARACTER_SET_CLIENT=@@CHARACTER_SET_CLIENT */;
/*!40101 SET @OLD_CHARACTER_SET_RESULTS=@@CHARACTER_SET_RESULTS */;
/*!40101 SET @OLD_COLLATION_CONNECTION=@@COLLATION_CONNECTION */;
/*!40101 SET NAMES utf8mb4 */;

--
-- Database: `main`
--

-- --------------------------------------------------------

--
-- Table structure for table `bila`
--

CREATE TABLE `bila` (
  `id` int(11) NOT NULL,
  `user_id` int(11) NOT NULL,
  `cat` varchar(255) COLLATE utf8_unicode_ci DEFAULT NULL,
  `p1` varchar(255) COLLATE utf8_unicode_ci DEFAULT NULL,
  `p2` varchar(255) COLLATE utf8_unicode_ci DEFAULT NULL,
  `date_begin` varchar(255) COLLATE utf8_unicode_ci DEFAULT NULL,
  `date_end` varchar(255) COLLATE utf8_unicode_ci DEFAULT NULL,
  `date_total` varchar(255) COLLATE utf8_unicode_ci DEFAULT NULL,
  `due` varchar(255) COLLATE utf8_unicode_ci DEFAULT NULL,
  `dateO_begin` varchar(255) COLLATE utf8_unicode_ci DEFAULT NULL,
  `dateO_end` varchar(255) COLLATE utf8_unicode_ci DEFAULT NULL,
  `dateO_total` varchar(255) COLLATE utf8_unicode_ci DEFAULT NULL,
  `address` varchar(255) COLLATE utf8_unicode_ci DEFAULT NULL,
  `t1` varchar(255) COLLATE utf8_unicode_ci DEFAULT NULL,
  `t2` varchar(255) COLLATE utf8_unicode_ci DEFAULT NULL,
  `t3` varchar(255) COLLATE utf8_unicode_ci DEFAULT NULL,
  `comment` varchar(255) COLLATE utf8_unicode_ci DEFAULT NULL,
  `file` varchar(255) COLLATE utf8_unicode_ci DEFAULT NULL,
  `po` varchar(255) COLLATE utf8_unicode_ci DEFAULT NULL,
  `bigboss` varchar(255) COLLATE utf8_unicode_ci DEFAULT NULL,
  `date_create` varchar(255) COLLATE utf8_unicode_ci DEFAULT NULL
) ENGINE=InnoDB DEFAULT CHARSET=utf8 COLLATE=utf8_unicode_ci;

--
-- Dumping data for table `bila`
--

INSERT INTO `bila` (`id`, `user_id`, `cat`, `p1`, `p2`, `date_begin`, `date_end`, `date_total`, `due`, `dateO_begin`, `dateO_end`, `dateO_total`, `address`, `t1`, `t2`, `t3`, `comment`, `file`, `po`, `bigboss`, `date_create`) VALUES
(3, 44, 'ลาพักผ่อน', '15', NULL, '2019-04-29', '2019-04-30', '1.5', NULL, NULL, NULL, NULL, '', '6.5', '1.5', '8', NULL, NULL, NULL, NULL, '2019-04-24'),
(12, 12, 'ลาพักผ่อน', '17', '27', '2019-04-26', '2019-04-26', '1', NULL, NULL, NULL, NULL, '0895213842', '7.5', '1', '8.5', '', NULL, NULL, NULL, '2019-04-25'),
(13, 23, 'ลาป่วย', NULL, NULL, '2019-03-29', '2019-03-29', '1', 'เป็นไข้', '2019-02-11', '2019-02-12', '2', '41 หมู่ 3 ต.นาพันสาม อ.เมือง จ.เพชรบุรี ', '3.5', '1', '4.5', '', NULL, '2', '1', '2019-04-26'),
(14, 24, 'ลาป่วย', NULL, NULL, '2019-04-29', '2019-04-29', '0.5', 'ท้องเสีย', '2019-04-23', '2019-04-23', '0.5', '', '4.5', '0.5', '5', 'ลาครึ่งวันบ่าย', NULL, '2', '1', '2019-04-30'),
(15, 38, 'ลาพักผ่อน', '6', '16', '2019-05-10', '2019-05-10', '1', NULL, NULL, NULL, NULL, '529/228 หมู่ 22 บ้านแก่นทองธานี ซ.12 ตำบลบ้านเป็ด อ.เมือง จ.ขอนแก่น 40000', '9', '1', '10', '', NULL, '2', '1', '2019-04-30'),
(16, 12, 'ลาพักผ่อน', '17', '27', '2019-05-10', '2019-05-10', '1', NULL, NULL, NULL, NULL, '0895213842', '8.5', '1', '9.5', '', NULL, '2', '1', '2019-05-01'),
(17, 23, 'ลาพักผ่อน', '0', '10', '2019-03-01', '2019-03-01', '1', NULL, NULL, NULL, NULL, '41 หมู่ 3 ต.นาพันสาม อ.เมือง จ.เพชรบุรี ', '6', '1', '7', '', NULL, '', '', '2019-08-19'),
(18, 23, 'ลาพักผ่อน', '0', '10', '2019-03-14', '2019-03-15', '2', NULL, NULL, NULL, NULL, '41 หมู่ 3 ต.นาพันสาม อ.เมือง จ.เพชรบุรี ', '7', '2', '9', '', NULL, '', '', '2019-08-20'),
(19, 42, 'ลาป่วย', NULL, NULL, '2019-05-10', '2019-05-10', '1', 'ปวดฟัน', '2019-02-18', '2019-02-18', '1', '', '2', '1', '3', '', NULL, '', '3', '2019-05-13'),
(20, 24, 'ลาป่วย', NULL, NULL, '2019-05-10', '2019-05-13', '1.5', 'ไข้หวัด', '2019-04-29', '2019-04-29', '0.5', '', '5', '1.5', '6.5', '', NULL, '', '', '2019-05-14'),
(21, 16, 'ลาป่วย', NULL, NULL, '2019-05-13', '2019-05-13', '1', 'ปวดท้อง', '2019-04-17', '2019-04-17', '1', '17/16 หมู่ที่ 1 ต.คลองวาฬ อ.เมือง จ.ประจวบฯ', '5.5', '1', '6.5', '', NULL, '2', '3', '2019-05-14'),
(22, 35, 'ลาป่วย', NULL, NULL, '2019-05-13', '2019-05-13', '1', 'ปวดศีรษะ', '2019-03-29', '2019-03-29', '1', '711 ม.7 ต.กุยบุรี จ.ประจวบฯ ', '5.5', '1', '6.5', '', NULL, '2', '3', '2019-05-15'),
(23, 18, 'ลาพักผ่อน', '0', '10', '2019-05-21', '2019-05-21', '1', NULL, NULL, NULL, NULL, '17/131 ถนนสะเกษ ตำบลบ่อยาง อำเภอเมือง จังหวัดสงขลา', '8', '1', '9', '', NULL, '2', '3', '2019-05-14'),
(25, 39, 'ลาพักผ่อน', '0', '10', '2019-05-21', '2019-05-21', '1', NULL, NULL, NULL, NULL, '160/169 หมู่ 2 ถนน ชาตะผดุง ตำบล ในเมือง อำเภอเมือง จ.ขอนแก่น', '8.5', '1', '9.5', '', NULL, '', '', '2019-05-17'),
(26, 23, 'ลาป่วย', NULL, NULL, '2019-05-21', '2019-05-21', '1', 'ปวดศีรษะ', '2019-03-29', '2019-03-29', '1', '41 หมู่ 3 ต.นาพันสาม อ.เมือง จ.เพชรบุรี ', '4.5', '1', '5.5', '', NULL, '2', '1', '2019-05-22'),
(27, 42, 'ลาพักผ่อน', '19', '29', '2019-06-07', '2019-06-07', '1', NULL, NULL, NULL, NULL, '', '5', '1', '6', '', NULL, '', '1', '2019-05-22'),
(28, 35, 'ลาป่วย', NULL, NULL, '2019-05-22', '2019-05-22', '1', 'ปวดศีรษะ', '2019-05-13', '2019-05-13', '1', '711 ม.7 ต.กุยบุรี จ.ประจวบฯ ', '6.5', '1', '7.5', '', NULL, '2', '1', '2019-05-23'),
(29, 23, 'ลาป่วย', NULL, NULL, '2019-06-06', '2019-06-06', '1', 'หัวศีรษะ', '2019-05-21', '2019-05-21', '1', '41 หมู่ 3 ต.นาพันสาม อ.เมือง จ.เพชรบุรี ', '5.5', '1', '6.5', '', NULL, '', '3', '2019-06-07'),
(30, 18, 'ลาพักผ่อน', '0', '10', '2019-06-11', '2019-06-11', '1', NULL, NULL, NULL, NULL, '', '9', '1', '10', '', NULL, '2', '1', '2019-06-10'),
(31, 38, 'ลาป่วย', NULL, NULL, '2019-05-10', '2019-05-10', '0.5', 'ปวดศีรษะ วิงเวียน', '2019-04-22', '2019-04-22', '0.5', '529/228 หมู่ 22 บ้านแก่นทองธานี ซ.12 ตำบลบ้านเป็ด อ.เมือง จ.ขอนแก่น 40000', '3.5', '0.5', '4', '', NULL, '', '', '2019-06-11'),
(32, 16, 'ลาป่วย', NULL, NULL, '2019-06-10', '2019-06-10', '1', 'อาหารเป็นพิษ', '2019-05-13', '2019-05-13', '1', '', '6.5', '1', '7.5', '', NULL, '', '1', '2019-06-11'),
(33, 23, 'ลาป่วย', NULL, NULL, '2019-06-11', '2019-06-11', '1', 'ปวดศรีษะ', '2019-06-06', '2019-06-06', '1', '41 หมู่ 3 ต.นาพันสาม อ.เมือง จ.เพชรบุรี ', '6.5', '1', '7.5', '', NULL, '2', '3', '2019-06-12'),
(34, 22, 'ลาป่วย', NULL, NULL, '2019-06-12', '2019-06-12', '1', 'ปวดท้อง', '2019-06-07', '2019-06-07', '1', '', '11', '1', '12', '', NULL, '2', '1', '2019-06-13'),
(35, 44, 'ลาพักผ่อน', '15', '25', '2019-06-24', '2019-06-24', '1', NULL, NULL, NULL, NULL, '086 2787972', '8', '1', '9', '', NULL, '2', '1', '2019-06-21'),
(1561343526, 39, 'ลาป่วย', NULL, NULL, '2019-06-20', '2019-06-21', '2', 'เป็นไข้หวัด', '2018-12-25', '2018-12-26', '2', '160/169 หมู่ 2 ถนน ชาตะผดุง ตำบล ในเมือง อำเภอเมือง จ.ขอนแก่น', '5', '2', '7', '', NULL, '2', '1', '2019-08-10'),
(1561534958, 24, 'ลาป่วย', NULL, NULL, '2019-06-25', '2019-06-25', '0.5', 'ท้องเสีย', '2019-05-10', '2019-05-13', '1.5', '', '6.5', '0.5', '7', '', NULL, '2', '1', '2019-06-26'),
(1561535089, 22, 'ลาป่วย', NULL, NULL, '2019-06-25', '2019-06-25', '0.5', 'ท้องเสีย', '2019-06-12', '2019-06-12', '1', '', '12', '0.5', '12.5', '', NULL, '2', '1', '2019-06-26'),
(1561952577, 41, 'ลาพักผ่อน', '0', '10', '2019-07-15', '2019-07-15', '1', NULL, NULL, NULL, NULL, '089-0058211', '7', '1', '8', '', NULL, '2', '1', '2019-07-01'),
(1561952963, 36, 'ลาพักผ่อน', '6', '16', '2019-07-18', '2019-07-19', '2', NULL, NULL, NULL, NULL, '088-7687703', '5', '2', '7', '', NULL, '2', '1', '2019-07-01'),
(1562124750, 41, 'ลาพักผ่อน', '0', '10', '2019-07-05', '2019-07-05', '1', NULL, NULL, NULL, NULL, '089-0058211', '8', '1', '9', '', NULL, '2', '1', '2019-07-03'),
(1562125617, 38, 'ลาพักผ่อน', '6', '16', '2019-07-15', '2019-07-15', '1', NULL, NULL, NULL, NULL, '529/228 หมู่ 22 บ้านแก่นทองธานี ซ.12 ตำบลบ้านเป็ด อ.เมือง จ.ขอนแก่น 40000', '10', '1', '11', '', NULL, '2', '1', '2019-07-03'),
(1562140714, 13, 'ลาพักผ่อน', '8', '18', '2019-07-15', '2019-07-15', '1', NULL, NULL, NULL, NULL, '086 7526064', '3.5', '1', '4.5', '', NULL, '2', '1', '2019-07-03'),
(1562565445, 21, 'ลาป่วย', NULL, NULL, '2019-07-08', '2019-07-08', '0.5', 'ปวดท้อง', '2019-05-07', '2019-05-07', '1', '', '1.5', '0.5', '2', '', NULL, '2', '1', '2019-07-08'),
(1562636890, 15, 'ลาพักผ่อน', '12.5', '22.5', '2019-07-15', '2019-07-15', '1', NULL, NULL, NULL, NULL, 'โทร 086 269 9405 ', '10', '1', '11', '', NULL, '2', '1', '2019-07-09'),
(1562637202, 19, 'ลาพักผ่อน', '6', '16', '2019-07-18', '2019-07-19', '2', NULL, NULL, NULL, NULL, '094-9159694', '5', '2', '7', '', NULL, '2', '1', '2019-07-09'),
(1562637236, 22, 'ลาป่วย', NULL, NULL, '2019-07-08', '2019-07-08', '1', 'ปวดศีรษะ', '2019-06-12', '2019-06-12', '1', 'โทร. 084 412 4141', '12.5', '1', '13.5', '', NULL, '2', '1', '2019-07-09'),
(1562638282, 35, 'ลาป่วย', NULL, NULL, '2019-07-08', '2019-07-08', '1', 'เป็นลมพิษ', '2019-05-22', '2019-05-22', '1', '711 ม.7 ต.กุยบุรี จ.ประจวบฯ ', '7.5', '1', '8.5', '', NULL, '2', '1', '2019-07-09'),
(1562641494, 9, 'ลาป่วย', NULL, NULL, '2019-07-08', '2019-07-08', '0.5', 'ปวดศีรษะ', '2019-01-10', '2019-01-11', '2', '', '3.5', '0.5', '4', '', NULL, '2', '1', '2019-07-09'),
(1563158061, 35, 'ลาป่วย', NULL, NULL, '2019-07-12', '2019-07-12', '1', 'ลมพิษ', '2019-07-08', '2019-07-08', '1', '711 ม.7 ต.กุยบุรี จ.ประจวบฯ ', '8.5', '1', '9.5', '', NULL, '2', '1', '2019-07-15'),
(1563414929, 44, 'ลาพักผ่อน', '15', '25', '2019-07-22', '2019-07-22', '1', NULL, NULL, NULL, NULL, '', '9', '1', '10', '', NULL, '4', '1', '2019-07-18'),
(1563501590, 22, 'ลาป่วย', NULL, NULL, '2019-07-18', '2019-07-18', '1', 'ปวดศีรษะ', '2019-07-08', '2019-07-08', '1', 'โทร 0844124141', '13.5', '1', '14.5', '', NULL, '4', '1', '2019-07-19'),
(1563760350, 39, 'ลาป่วย', NULL, NULL, '2019-07-18', '2019-07-19', '2', 'ปวดศีรษะ เป็นไข้หวัด', '2019-06-20', '2019-06-21', '2', '160/169 หมู่ 2 ถนน ชาตะผดุง ตำบล ในเมือง อำเภอเมือง จ.ขอนแก่น', '7', '2', '9', '', NULL, '2', '1', '2019-07-22'),
(1563849212, 22, 'ลาพักผ่อน', '4.5', '14.5', '2019-07-23', '2019-07-23', '0.5', NULL, NULL, NULL, NULL, 'โทร 0844124141', '4', '0.5', '4.5', 'ลาช่วงบ่าย', NULL, '2', '1', '2019-07-23'),
(1563850004, 16, 'ลาพักผ่อน', '20', '30', '2019-07-25', '2019-07-25', '1', NULL, NULL, NULL, NULL, '08 6886 2701', '8', '1', '9', '', NULL, '2', '1', '2019-07-23'),
(1564554270, 21, 'ลาพักผ่อน', '10', '20', '2019-08-02', '2019-08-02', '1', NULL, NULL, NULL, NULL, '', '3', '1', '4', '', NULL, '5', '6', '2019-07-31'),
(1564968507, 44, 'ลาพักผ่อน', '15', '25', '2019-08-09', '2019-08-13', '2', NULL, NULL, NULL, NULL, '', '10', '2', '12', 'ลาตั้งแต่วันที่ 9 - 13 สิงหาคม 2562 คิดเป็น 2 วันทำการ', NULL, '2', '1', '2019-08-05'),
(1565162124, 22, 'ลาพักผ่อน', '4.5', '14.5', '2019-08-08', '2019-08-08', '1', NULL, NULL, NULL, NULL, 'โทร 0844124141', '4.5', '1', '5.5', '', NULL, '', '1', '2019-08-07'),
(1565316108, 24, 'ลาป่วย', NULL, NULL, '2019-08-08', '2019-08-08', '0.5', 'ท้องเสีย', '2019-06-25', '2019-06-25', '0.5', '', '7', '0.5', '7.5', '', NULL, '', '6', '2019-08-09'),
(1565747973, 44, 'ลาป่วย', NULL, NULL, '2019-08-08', '2019-08-08', '1', 'ปวดหัว เป็นไข้', '2019-01-15', '2019-01-15', '1', '', '2', '1', '3', '', NULL, '4', '6', '2019-08-14'),
(1565770020, 35, 'ลาพักผ่อน', '2', '12', '2019-08-15', '2019-08-15', '1', NULL, NULL, NULL, NULL, '711 ม.7 ต.กุยบุรี จ.ประจวบฯ ', '7', '1', '8', '', '1883e726c8c72161a9ee23bd0f8ade95.jpeg', '4', '6', '2019-08-14'),
(1566179283, 39, 'ลาป่วย', NULL, NULL, '2019-08-15', '2019-08-16', '2', 'เป็นไข้หวัด', '2019-07-18', '2019-07-19', '2', '160/169 หมู่ 2 ถนน ชาตะผดุง ตำบล ในเมือง อำเภอเมือง จ.ขอนแก่น', '9', '2', '11', '', NULL, '2', '1', '2019-08-19'),
(1566181233, 16, 'ลาพักผ่อน', '20', '30', '2019-08-21', '2019-08-21', '1', NULL, NULL, NULL, NULL, '08 6886 2701', '9', '1', '10', '', NULL, '2', '1', '2019-08-19'),
(1566187435, 38, 'ลาพักผ่อน', '6', '16', '2019-08-26', '2019-08-27', '2', NULL, NULL, NULL, NULL, '529/228 หมู่ 22 บ้านแก่นทองธานี ซ.12 ตำบลบ้านเป็ด อ.เมือง จ.ขอนแก่น 40000', '11', '2', '13', '', NULL, '2', '1', '2019-08-20'),
(1566266629, 22, 'ลาป่วย', NULL, NULL, '2019-08-19', '2019-08-19', '1', 'ปวดฟัน', '2019-07-18', '2019-07-18', '1', 'โทร 0844124141', '14.5', '1', '15.5', '', NULL, '2', '1', '2019-08-20'),
(1566362227, 19, 'ลาพักผ่อน', '6', '16', '2019-08-23', '2019-08-23', '0.5', NULL, NULL, NULL, NULL, '183  หมู่บ้านหญ้าแก้ว  ตำบลประจวบฯ  อำเภอเมือง  จังหวัดประจวบคีรีขันธ์', '7', '0.5', '7.5', '', NULL, '2', '1', '2019-08-21'),
(1566373986, 9, 'ลาพักผ่อน', '19', '29', '2019-08-26', '2019-08-26', '1', NULL, NULL, NULL, NULL, '', '7.5', '1', '8.5', 'งานในหน้าที่มอบหมายให้ นางสาววาสินี กมลกุล ปฏิบัติหน้าที่แทน', NULL, '2', '1', '2019-08-21');

-- --------------------------------------------------------

--
-- Table structure for table `c_letter`
--

CREATE TABLE `c_letter` (
  `id` int(11) NOT NULL,
  `name` varchar(255) COLLATE utf8_unicode_ci NOT NULL,
  `ca_name` varchar(255) COLLATE utf8_unicode_ci DEFAULT NULL,
  `file` varchar(255) COLLATE utf8_unicode_ci DEFAULT NULL,
  `status` smallint(6) NOT NULL DEFAULT '1',
  `created_at` datetime DEFAULT NULL,
  `updated_at` datetime DEFAULT NULL
) ENGINE=InnoDB DEFAULT CHARSET=utf8 COLLATE=utf8_unicode_ci;

--
-- Dumping data for table `c_letter`
--

INSERT INTO `c_letter` (`id`, `name`, `ca_name`, `file`, `status`, `created_at`, `updated_at`) VALUES
(2, 'ตารางเวรเดือน ธันวาคม 2561', 'ตารางเวร', '952a076754954604678dc699eadaf41f.pdf', 1, '0000-00-00 00:00:00', '0000-00-00 00:00:00'),
(4, 'Streaming ศูนย์วิทยบริการจัดอภิปราย เรื่อง Book Talk หนังสือสร้างแรงบันดาลใจ ภายใต้โครงการส่งเสริมการเรียนด้วยตัวเอง(Self Learning) ในวันที่ 15 พ.ย. 61 เวลา 12.00 - 14.00 น.', 'หนังเวียนสำนักงานศาล', 'd1e5fd798c680527afc577c24ea5c399.pdf', 1, '2018-11-14 03:52:22', '2018-11-14 03:52:22'),
(5, 'Streaming โครงการส่งเสริมการเรียนรู้สู่การพัฒนา เรื่อง \"Impress forSccess\" (28 พ.ย.61 เวลา 13.00-16.00 น.)(สถาพันพัฒนาข้าราชการตุลาการ)', 'หนังเวียนสำนักงานศาล', '75515a8056191c949cca338e75f2eba7.pdf', 1, '2018-11-14 04:04:45', '2018-11-14 04:04:45'),
(6, 'รายงานการประชุม วันที่ 6 พ.ย. 2561', 'ภายใน', 'cc38a40e114e9b6b03cf74151ae8e523.pdf', 1, '0000-00-00 00:00:00', '0000-00-00 00:00:00'),
(7, 'รายงานการประชุม วันที่ 13 พ.ย. 2561', 'ภายใน', '270a9b56783bedfd73bb386549654a4d.pdf', 1, '2018-11-22 08:42:29', '2018-11-22 08:42:29'),
(8, 'สำนักแผนงานและงบประมาณ จัดสมนาเผยแพร่ความรู้เรื่อง การบริหารงบประมาณศาลยุติธรรม ผ่านระบบ Video Conference ครั้งที่ 1 ประจำปีงบประมาณ 2562 ในวันที่ 12 ธ.ค.2561เวลา 13.00-15.30น. และวันที่ 14 ธ.ค. 2561 เวลา 9.00-15.30 น.', 'หนังเวียนสำนักงานศาล', 'cccb9bda23d91aef272152d1820008af.pdf', 1, '2018-11-26 11:27:41', '2018-11-26 11:27:41'),
(9, 'ศูนย์วิทยบริการ จัดกิจกรรมอภิปรายเรื่อง การเขียนเชิงสร้างสรรค์ (Creative Writing) ภายใต้โครงการส่งเสริมการเรียนรู้ด้วยตัวเอง(Self Learing) ประจำปีงบประมาณ 2562 ในวันอังคารที่ 18 ธันวาคม 2561 12.00-14.00 น.(idp1.30ชม.)', 'หนังเวียนสำนักงานศาล', '953a751b165b938844faa2731f40f6ce.pdf', 1, '2018-11-27 09:02:51', '2018-11-27 09:02:51'),
(10, 'การประชุมซักซ้อมความเข้าใจเกี่ยวกับบการดำเนินการตามคู่มือการบริหารความเสี่ยงและการควบคุมภายในของสำนักงานศาลยุติธรม ประจำปีงบประาณ 2562 ผ่านระบบ Video Conference 13 ธ.ค. 61 09.00-12.30 น.', 'หนังเวียนสำนักงานศาล', 'adf5dd836af5905b19dacadcf6111f18.pdf', 1, '2018-11-28 09:12:09', '2018-11-28 09:12:09'),
(11, 'ขอเชิญร่วมโครงการอบรมเพิ่มทักษะการไกล่เกลี่ยข้อพิพาทคดีครอบครัว ผ่านระบบการประชุมทางไกลผ่านจอภาพ ในวันที่ 17 ธ.ค. 61 เวลา 9.00 -16.00 น.', 'หนังเวียนสำนักงานศาล', 'f070e18af13956b2ea675ee2e3570ee7.pdf', 1, '2018-11-28 10:40:47', '2018-11-28 10:40:47'),
(12, 'การดำเนินการตามแนวทางการพัฒนาบุคคลากรและแผนพัฒนารายบุคคล(IDP) และการจัดทำตัวชี้วัดผลการปฏิบัติราชการ (แบบ งด)', 'ภายใน', '26a5d4856d0c11291285e0998129e5c6.pdf', 1, '2018-11-29 14:13:22', '2018-11-29 14:13:22'),
(13, 'กองสวัสดิการศาลยุติธรรม ให้เปิดจองซื้อเสื้อโปโลปักตราสัญลักษณ์ศาลยุติธรรม', 'หนังเวียนสำนักงานศาล', '049ea3003a43ffb40d03bfa708a7ff30.pdf', 1, '2018-12-03 16:34:34', '2018-12-03 16:34:34'),
(14, 'คำสั่งศาลฯ ที่  102/2561 เรื่อง กำหนดผู้รับผิดชอบในการส่งเอกสารและการประกาศนัดไต่สวนโดยวิธีลงโฆษณาทางสื่อเทคโนโลยีสารสนเทศ(e-Notice System)', '	คำสั่งศาลฯ', '9deb5ed71c35db6f6a6a9f9863dbfa40.pdf', 1, '2018-12-04 16:00:31', '2018-12-04 16:00:31'),
(15, 'ขอมอบหมายหน้าที่ความรับผิดชอบในการจัดงานเลี้ยงสังสรรค์ปีใม่ 2562', 'ภายใน', '46bbc4bce047a79978d7170a3c8ba483.pdf', 1, '2018-12-07 15:32:33', '2018-12-07 15:32:33'),
(16, 'ศูนย์วิทยบริการศาลยุติธรรมจัดกิจกรรมการบรรยายพิเศษ เรื่องการทำงานยุคใหม่ที่ขับเคลื่อนด้วย AI และ Data ในวันพุธที่ 19 ธ.ค.2561 เวลา 12.00-14.00 น. (idp1.30ชม.)', 'หนังเวียนสำนักงานศาล', 'a102b9af2a2ee04e04cde72f486a28ba.pdf', 1, '2018-12-12 10:20:43', '2018-12-12 10:20:43'),
(17, 'สำนักเทคโนยีสารสนเทศ แนวทางดำเนินการเกี่ยวกับโปรแกรมสารสนเทศสำนวนคดี 21 ธ.ค.61 เวลา 10.00-11.00 น.', 'ภายใน', '783428ff1717a47c6acada00316dd66e.jpg', 1, '2018-12-13 16:28:19', '2018-12-13 16:28:19'),
(18, 'ตารางเวรเดือน มกราคม 2562 ', 'ตารางเวร', '66e3a13f56098f53df662a08575f81c3.pdf', 1, '2018-12-14 12:11:41', '2018-12-14 12:11:41'),
(19, 'ตัวอย่างการกรอกรายละเอียดในแบบ IDP3', 'ภายใน', '6b8dbee8c8f67c6d7c1bf15c182eaa3d.pdf', 1, '2018-12-18 11:10:33', '2018-12-18 11:10:33'),
(20, 'ขอเชิญร่วมสวดมนต์เพื่อความเป็นสิริมงคล เนื่งในโอกาสวันขึ้นปีใหม่', 'ภายใน', '88f79f1bc4eda8d9f281fd41241acc7b.pdf', 1, '2018-12-19 11:30:53', '2018-12-19 11:30:53'),
(21, 'สถาบันวิจัยและพัฒนารพีพัฒนศักดิ์ ขอเชิญรับฟังการบรรยายผ่านระบบถ่ายทอดสดสัญญาณภาพเละเสียง(Streaming) เรื่อง สรุปสาระสำคัญการดำเนินการตามคู่มือการบริหารความเสี่ยงและการควบคุม ในวันที่ 20 ธ.ค.61 เวลา 9.00-10.30', 'หนังเวียนสำนักงานศาล', '81f0a47d17d6824f44ca55aeb7759385.pdf', 1, '2018-12-19 12:09:27', '2018-12-19 12:09:27'),
(22, 'คู่มือ การบริหารความเสี่ยงและการควบคุมภายใน ปีงบประมาณ 2562', 'หนังเวียนสำนักงานศาล', '8a7e6586cc8fc372f566f06f9c2cfc1e.pdf', 1, '2018-12-20 16:05:09', '2018-12-20 16:05:09'),
(23, 'ขอเชิญร่วมเป็นเกียรติในพิธีเปิดงานประเพณีวันปีใหม่ 2562 และพิธีเปิดงาน ขึ้นเขาห่มพระ พาท่องช่องกระจก เถลิงศกรับพร ปี 2562', 'ภายใน', '77fadc47804496db6321f8f1ba950f20.pdf', 1, '2018-12-21 09:33:39', '2018-12-21 09:33:39'),
(24, 'ขอเชิญร่วมสวดมนต์เพื่อความเป็นสิริมงคล เนื่องในโอกาสวันขึ้นปีใหม่ 2562 ', 'ภายใน', 'cfb69b2d4aa2a1812babb71b087b1589.pdf', 1, '2018-12-21 09:37:31', '2018-12-21 09:37:31'),
(25, 'ประกาศ กบศ. เรื่อง เปลี่ยนแปลงสถานที่ตั้งของศาลฎีกา สถานที่ทำการใหม่ เลขที่ 6 ถนนราชดำเนินใน แขวงพระบรมมหาราชวัง เขตพระนคร กรุงเทพมหานคร โดยเริ่มตั้งแต่วันที่ 9 มกราคม 2562 เป็นต้นไป', 'หนังเวียนสำนักงานศาล', '0e5f7863ad43c3c0f4e0df8204f43f8f.pdf', 1, '2018-12-21 09:44:56', '2018-12-21 09:44:56'),
(26, 'การย้ายที่ทำการสำนักคณะกรรมการบริหารศาลยุติธรรม ย้ายที่ทำการคณะกรรมการตุลาการศาลยุติธรรม ย้ายที่ทำการสถาบันวิจัยและพัฒนารพีพัฒนศักดิ์', 'หนังเวียนสำนักงานศาล', 'c407f489c88c67d1f01b2f689a15bf82.pdf', 1, '2018-12-21 09:52:30', '2018-12-21 09:52:30'),
(27, 'ขอประชาสัมพันธ์เชิญชวนเข้าร่วมกิจกรรมวันเด็กแห่งชาติ2562(โรงเรียนหาดสนุกราษฎร์บำรุง)และหากผู้ใดประสงค์จะร่วมสนับสนุนของขวัญของรางวัลสามารถนำมามอบได้ที่กลุ่มงานช่วยอำนวยการ', 'ภายใน', '075c093820d9b31b7161517f9f9f5aa1.pdf', 1, '2018-12-24 15:01:48', '2018-12-24 15:01:48'),
(28, 'การคุ้มครองข้อมูลทะเบียนประวัติราษฎร', 'หนังเวียนสำนักงานศาล', 'dfb8c8b2ff31f55abb961f9e92d16a7c.pdf', 1, '2018-12-26 15:24:14', '2018-12-26 15:24:14'),
(29, 'ศูนย์วิทยบริการจัดกิจกรมการอภิปราย เรื่อง Library reading club เสริมสร้างวัฒนธรรมการอ่านในองค์กร ในวันพุทธที่ 16 มกราคม 2562 เวลา 12.00-14.00 น. (idp1.30)', 'หนังเวียนสำนักงานศาล', '732af768259efe2c2e326211c812e054.pdf', 1, '2019-01-02 16:05:27', '2019-01-02 16:05:27'),
(30, 'กศ. ปรับปรุงหลักเกณฑ์ วิธีการ และขั้นตอนการประเมินบุคคลเพื่อข้าราชการศาลยุติธรรมขึ้นแต่งตั้งให้ดำรงตำแหน่งประเภทวิชาการ ตำแหน่งชำนาญการ และระดับชำนาญการพิเศษ', 'หนังเวียนสำนักงานศาล', '25b3ceb0661901ffe38f9564dd6e6463.pdf', 1, '2019-01-04 10:46:40', '2019-01-04 10:46:40'),
(31, '(S) ศูนย์วิทยบริการศาลยุติธรม จัดกิจกรรมอภิปราย เรื่อง Library reading club เสริมสร้างวัฒนธรรมการอ่านในองค์กร ในวันพุธที่ 16 มกราคม 2562 เวลา 12.00 - 14.00 น. (idp1.30) ', 'หนังเวียนสำนักงานศาล', '7eb82a7d4cc24e42e93f68ca695fd7a2.pdf', 1, '2019-01-04 10:52:46', '2019-01-04 10:52:46'),
(32, '(S) สำนักการต่างประเทศ จัดโครงการสัมนาเชิงวิชาการ เรื่อง การบริหารจัดหาล่ามในศาล ในวันพุธที่ 16 มกราคม 2562 เวลา 10.00-12.00 น.', 'หนังเวียนสำนักงานศาล', '7c0364016a65f2173180871207adb258.pdf', 1, '2019-01-04 11:00:01', '2019-01-04 11:00:01'),
(33, 'คำสั่งสำนักงานศาลฯ เรื่องมอบหมายให้ข้าราชการศาลยุติธรรม ลูกจ้างและพนักงานราชการเข้าร่วมงานรัฐพิธี งานพิธี และกิจกรรมต่างๆ', 'ภายใน', '86277136ff31370388361d31b04ae691.pdf', 1, '2019-01-10 14:11:26', '2019-01-10 14:11:26'),
(34, '(S)สำนักกฎหมายและวิชาการศาลยุติธรรม เชิญรับชมการอภิปราย เรื่อง บทบาทของศาลกับการพัฒนากฎหมายทางแพ่ง : มุมมองจากประเทศญี่ปุ่น ผ่านStreaming ในวันจันทร์ที่ 14 ม.ค.62 เวลา 10.00-12.00 น.', 'หนังเวียนสำนักงานศาล', '32d34435e7ec8018b0f452e599fe805d.pdf', 1, '2019-01-10 14:17:10', '2019-01-10 14:17:10'),
(35, '(S)ท่านเลขาธิการสำนักงานศาลยุติธรรมประสานข้อราชการ วันที่15 ม.ค.62 เวลา 8.30-9.00 น. (สำนักเทคโนโลยีสารสนเทศ ถ่ายทอดสด)', 'หนังเวียนสำนักงานศาล', '2b95240774c1cfc524c5a3d9af28e44e.jpg', 1, '2019-01-14 15:29:39', '2019-01-14 15:29:39'),
(36, 'ขอความอนุเคราะห์ประชาสัมพันธ์การจัดพิธีพระราชทานเพลิงศพครูใหญ่และครูใหญ่พระเทพวิทยาคม(หลวงพ่อคูณ ปริสุทธทโธ) เป็นกรณีพิเศษ ประจำปี 2561', 'ภายใน', '770adb145fe0eefe36fdeff045e7585d.pdf', 1, '2019-01-14 16:18:59', '2019-01-14 16:18:59'),
(37, 'ตารางเวร เดือนกุมภาพันธ์ 62', 'ภายใน', 'c124128a8534dda2959cab6a4b16b24e.pdf', 1, '2019-01-15 11:22:20', '2019-01-15 11:22:20'),
(38, 'แนวทางการจ่ายคืนเงินค่าธรรมเนียมศาล เงินค่าปรับและเงินกลางในคดีให้แก่คู่ความ', 'หนังเวียนสำนักงานศาล', '7f65a8580df2c13f82e2ead08d173894.pdf', 1, '2019-01-17 15:24:24', '2019-01-17 15:24:24'),
(39, 'การรายงานผลการดำเนินโครงการพัฒนาระบบประเมินความเสี่ยงและการกำกับดูแลในชั้นปล่อยชั่วคราว', 'หนังเวียนสำนักงานศาล', '2a463ff783496b104943d993ee1a64ec.pdf', 1, '2019-01-17 15:26:12', '2019-01-17 15:26:12'),
(40, 'ขอประชาสัมพันธ์เชิญชวนเข้าร่วม โครงการรณรงค์ ลด ละ เลิก ใช้ภาชนะโฟมบรรจุอาหารเพื่อสุขภาพที่ดีของคนไทย', 'หนังเวียนสำนักงานศาล', 'a5aa6f760986f79a94ca180bfd0767ff.pdf', 1, '2019-01-18 08:57:20', '2019-01-18 08:57:20'),
(41, '(c)โครงการส่งเสริมการเรียนรู้สู่การพัฒนาครังที่ 12 ประจำเดือน มกราคม 2562 เรื่อง วาทะดีลดความขัดแย้ง ในวันพุธที่ 30 มกราคม 2562 (conf)', 'หนังเวียนสำนักงานศาล', 'ff09cf8489386fd059b38fb86a0577a4.pdf', 1, '2019-01-28 13:48:37', '2019-01-28 13:48:37'),
(42, '(S)ศูนย์วิทยบริการ จัดบรรยายพิเศษ เรื่อง การเขียน Blog ให้น่าสนใจ ในวันพฤหัสบดีที่ 28 กุมภาพันธ์ 2562 เวลา 12.00-14.00 น. (idp1.30 )', 'หนังเวียนสำนักงานศาล', '4eed770e6482c7566b6e266e2b4dea2d.pdf', 1, '2019-01-29 11:32:10', '2019-01-29 11:32:10'),
(43, 'ปฏิทินการปฏิบัติงานของหน่วยงานในสังกัดสำนักงานศาลยุติธรรม ประจำปี 2562', 'หนังเวียนสำนักงานศาล', '687adc3b58b31c442ee25418fc69cca2.pdf', 1, '2019-01-30 15:16:14', '2019-01-30 15:16:14'),
(44, 'ยกเลิกการส่งประกาศอัตราค่าพาหนะ และค่าป่วยการในการส่งคำคู่ความและเอกสารทางคดี(อัตราค่านำหมาย)', 'หนังเวียนสำนักงานศาล', '20656f0dc109374d3de33a576a479a3a.pdf', 1, '2019-01-30 15:17:52', '2019-01-30 15:17:52'),
(45, 'การแสดงความประสงค์ขอย้ายรอบเมษายน 2562(เพิ่มเติม)', 'หนังเวียนสำนักงานศาล', 'e40cd47fcf8775efb909d4c5038f062a.pdf', 1, '2019-01-31 13:39:10', '2019-01-31 13:39:10'),
(46, 'สำนักงานศาลยุติธรรมจัดประชุมซักซ้อมความเข้าใจเกี่ยวกับการให้บริการคัดถ่ายเอกสารในสำนวนคดีออนไลน์ผ่านโปรแกรมระบบบริหารข้อมูลศาลยุติธรรม(CIOS) ในวันที่ 6 ก.พ.62 เวลา 14.00-15.00 น.', 'หนังเวียนสำนักงานศาล', 'ba6896dc442c981af16a43574eb73a80.pdf', 1, '2019-02-04 10:07:18', '2019-02-04 10:07:18'),
(47, 'สำนักงานศาลยุติธรรมจัดการประกวดออกแบบตราสัญลักษณ์ศาลดิจิทัล (D-COURT)', 'หนังเวียนสำนักงานศาล', 'b85507554f4376fb4a62fbb4193a49df.pdf', 1, '2019-02-05 13:31:23', '2019-02-05 13:31:23'),
(48, 'การจ่ายคืนเงินค่าธรรมเนียมศาล เงินค่าปรับและเงินกลางในคดีให้แก่คู่ความ', 'หนังเวียนสำนักงานศาล', '86f5494246e9e2dcdde5b394aa21fa47.pdf', 1, '2019-02-05 13:34:16', '2019-02-05 13:34:16'),
(49, 'ผู้บริหารสำนักงานศาลยุติธรรมให้จัดทำบอร์ดโครงสร้างผู้บริหารศาลยุติธรรมและสำนักศาลยุติธรรมให้เป็นมาตราฐานเดียวกันทั่วประเทศ', 'หนังเวียนสำนักงานศาล', '021094161456506385755cb7daaef435.pdf', 1, '2019-02-05 13:39:34', '2019-02-05 13:39:34'),
(50, 'สำนักงานพระพุทธศาสนา ขอความอนุเคราะห์ประชาสัมพันธ์โครงการบูรณาการ การรักษาศีล 5', 'ภายใน', 'e680054e48352e4205fd4db4413a2f94.pdf', 1, '2019-02-06 16:06:48', '2019-02-06 16:06:48'),
(51, 'ศูนย์วิทยบริการศาลยุติธรรม จัดบรรยายพิเศษ เรื่อง Digital Transformation เพื่อชีวิตที่ดีขึ้น ในวันจันทร์ที่ 25 กุมภาพันธ์ 2562 เวลา 12.00-14.00 น. (idp1.30ชม.) ', 'หนังเวียนสำนักงานศาล', '8b34cc45fff5773a0020d0d6fda147d4.pdf', 1, '2019-02-07 09:09:32', '2019-02-07 09:09:32'),
(52, 'อบรมการใช้งานโปรแกรมระบบสารบรรณอิเล็กทรอนิกส์', 'หนังเวียนสำนักงานศาล', '3516eb8e3fd8b8d68b64c086cfa058aa.pdf', 1, '2019-02-08 16:33:06', '2019-02-08 16:33:06'),
(53, 'ตารางเวรประจำเดือน มีนาคม 2562', 'ภายใน', '02ddfa31993b542369a088db9ff176c1.pdf', 1, '2019-02-13 10:06:22', '2019-02-13 10:06:22'),
(54, 'ยกเลิกการนำส่งใบเสร็จชำระเงินสงเคราะห์', 'หนังเวียนสำนักงานศาล', '0310e8adb7682d8ee8dcda684757ef92.pdf', 1, '2019-02-13 16:17:22', '2019-02-13 16:17:22'),
(55, 'การให้ได้รับค่าตอบแทนพิเศษของข้าราชการศาลยุติธรรม รอบ 1 เมษายน 2562', 'หนังเวียนสำนักงานศาล', '2fd39c86329e71efbf4b5da67c4577f0.pdf', 1, '2019-02-20 14:28:58', '2019-02-20 14:28:58'),
(56, 'การให้ได้รับค่าตอบแทนพิเศษของลูกจ้างประจำ พนักงานราชการศาลยุติธรรมและลูกจ้างชั่วคราว รอบเมษายน 2562', 'หนังเวียนสำนักงานศาล', '195e2f0d9135777ea68f6c9219bd06b4.pdf', 1, '2019-02-20 14:31:19', '2019-02-20 14:31:19'),
(57, 'ประกาศเปลี่ยนแปลงสถานที่ตั้งของศาลอุทธรณ์คดีชำนัญพิเศษ', 'หนังเวียนสำนักงานศาล', '1ad25fbdcc2c4f2a600f6ac072f74ffb.pdf', 1, '2019-02-21 15:06:46', '2019-02-21 15:06:46'),
(58, 'กระบวนการแจ้งเหตุฉุกเฉิน Call Tree (เพิ่มเติม)', 'หนังเวียนสำนักงานศาล', 'ef491e98a2d2bc407d3761b48fb7a7ad.pdf', 1, '2019-02-21 15:11:29', '2019-02-21 15:11:29'),
(59, 'การจัดทำฐานข้อมูลผลงานที่ผ่านการประเมินแล้ว ศย023/ว184, ศย023/ว30(ป)', 'หนังเวียนสำนักงานศาล', '838c9dfb76139712670ac568e2ae18fd.pdf', 1, '2019-02-27 09:46:22', '2019-02-27 09:46:22'),
(61, 'ขอความอนุเคราะห์ประชาสัมพันธ์โครงการ แว่นเอื้ออาทร', 'ภายใน', '5d9ea38296ce1a953b78d93f815ef424.pdf', 1, '2019-02-27 11:10:43', '2019-02-27 11:10:43'),
(62, 'ใบแจ้งซ่อม', 'ภายใน', 'bf1630d861333fe0a053d86f695fd364.pdf', 1, '2019-02-27 14:58:31', '2019-02-27 14:58:31'),
(63, 'รับสมัครข้าราชการฝ่ายตุลาการศาลยุติธรรมเพื่อรับทุนสนับสนุนการศึกษาระดับปริญญาโทภายในประเท ประจำปีงบประมาณ พ.ศ.2562', 'หนังเวียนสำนักงานศาล', 'be83830da41270d2941877fa8b578c72.pdf', 1, '2019-02-27 15:52:48', '2019-02-27 15:52:48'),
(64, 'รายงานการประชุม หัวหน้ากลุ่มงาน ครั้งที่ 1/2562 วันพฤหัสบดีที่ 14 ก.พ. 2562', 'ภายใน', '24dd36fa605999f6965d9fcc8f81c92e.pdf', 1, '2019-03-04 13:27:41', '2019-03-04 13:27:41'),
(65, 'ศย 016/ว 222 ลว.8มี.ค.62 เรื่อง คำแนะนำของประธานศาลฎีกาเกี่ยวกับการพิจารณาและสืบพยานลับหลังจำเลย', 'หนังเวียนสำนักงานศาล', 'fcb5d32ff0337f69d949748a5f22f844.pdf', 1, '2019-03-11 11:56:26', '2019-03-11 11:56:26'),
(66, 'ศย 008/ว227 รับชมบรรยายพิเศษ เรื่อง การนวัตกรรมทางความคิดสำหรับผู้ขับเคลื่อนการเปลี่ยนแปลงสู่ดิจิทัลเพื่อเปลี่ยนผ่านองค์กรสู่ D-Court 2020 ในวันที่ 13 มีนาคม 2562 ตั้งแต่เวลา 09.00 น. เป็นต้นไป', 'หนังเวียนสำนักงานศาล', '2f1a243401bc57d91fa439ab5467371a.pdf', 1, '2019-03-11 12:04:25', '2019-03-11 12:04:25'),
(67, 'ศย 024/ว228 ลว. 7มี.ค.62 Streaming  เรื่องการบังคับคดีตามประมวลกฎหมายวิธีพิจารณาความแพ่งที่แก้ไขเพิ่มเติม ในวันอังคารที่ 19 มีนาคม 2562 เวลา 13.00-15.00 น.', 'หนังเวียนสำนักงานศาล', '0ff36f4b877c4455e217eb7189269d20.pdf', 1, '2019-03-11 12:10:56', '2019-03-11 12:10:56'),
(68, 'ศย 008/ว218 ลว.6มีค62 ศูนย์วิทยบริการจัดกิจกรรมการบรรยายพิเศษ เรื่อง การเรียนรู้ภาษาผ่านภาพยนต์และเพลงต่างประเทศ ในวันที่ 20 มีนาคม 2562 เวลา 12.00-14.00 น. (idp1.30ชม.)', 'หนังเวียนสำนักงานศาล', 'dcfd4cca046bfa7b0436512e14552b65.pdf', 1, '2019-03-11 12:35:54', '2019-03-11 12:35:54'),
(69, 'ศย 016/ว219 ลว.6มีค62 เรื่องขอเชิญชมการบรรยายความรู้ การใช้สิทธิฟ้องร้องคดีอาญาตามร่างพระราชบัญญัติแก้ไขเพิ่มเติมประมวลกฎหมายวิธีพิจารณา ในวันที่ 14 มีนาคม 2562 เวลา 12.30-13.30 น.(idp1ชม.)', 'หนังเวียนสำนักงานศาล', 'a61afa3ee041c3dbce07fff63b269cb6.pdf', 1, '2019-03-11 13:37:01', '2019-03-11 13:37:01'),
(70, 'ปข 0017.3/ว5145 ลว7มีค62 เรื่อง การพิจารณากำหนดวันหยุดราชการเพิ่มเป็นกรณีพิเศษ ในปี 2562', 'หนังเวียนสำนักงานศาล', '1c75bdf81eefb6fdab04a53781f95763.pdf', 1, '2019-03-12 12:01:30', '2019-03-12 12:01:30'),
(71, 'ตารางเวรเดือน เมษายน 2562 + ผู้ตรวจ', 'ภายใน', '4d5116f375aaa8a186d0b9c7ec432e53.pdf', 1, '2019-03-13 13:31:08', '2019-03-13 13:31:08'),
(72, 'ศย 025/ว207 ลว 1มีค62 เรื่องการเปิดระบบการให้บริการคู่ความในคดีคัดถ่ายเอกสารในสำนวนผ่านโปรแกรมระบบบริการข้อมูลคดีศาลยุติธรรมCIOS', 'หนังเวียนสำนักงานศาล', '9d95c9272652c6085e43b211d2299c72.pdf', 1, '2019-03-13 16:19:09', '2019-03-13 16:19:09'),
(73, 'ศย 020/ว238 เรื่องแจ้งเปิดใช้งานระบบติดตามสำนวนคดีบนเว็บไซต์ศาลยุติธรรม', 'หนังเวียนสำนักงานศาล', '52610428344b4f934d4f5eadac06bbb8.pdf', 1, '2019-03-13 16:23:19', '2019-03-13 16:23:19'),
(74, 'ปข 0023.3/5179 เรื่อง การจัดกิจกรรมตลาดรีไซเคิล (แยกก่อนทิ้ง)', 'ภายใน', 'e0957dcd5de7f3f546bc836c72712a76.pdf', 1, '2019-03-21 10:33:22', '2019-03-21 10:33:22'),
(75, 'พิธีอภิเษกน้ำและพิธีเวียนเทียนสมโภชน้ำอภิเษก วันที่ 8 เม.ย 62 (กลุ่ม3)', 'ภายใน', 'c0ae49483a875cbb9f5b810e581f6f25.pdf', 1, '2019-03-27 09:42:09', '2019-03-27 09:42:09'),
(76, 'พิธีอภิเษกน้ำและพิธีเวียนเทียนสมโภชน้ำอภิเษก วันที่ 9 เม.ย 62 (กลุ่ม1)', 'ภายใน', '387adb6eeda534709286be00e086d6e3.pdf', 1, '2019-03-27 09:43:14', '2019-03-27 09:43:14'),
(77, 'ร่วมพิธีถวายสักการะเนื่องในวันที่ระลึกพระบาทสมเด็จพระนั่งเกล้าเจ้าอยู่หัว 31มี.ค.62(กลุ่ม2)', 'ภายใน', '96f85f1181ec384dcc6b38ad560c8af7.pdf', 1, '2019-03-27 09:28:00', '2019-03-27 09:28:00'),
(78, 'พิธีถวายเครื่องราชสักการะเนื่องในวันพระบาทสมเด็จพระพุทธยอดฟ้าจุฬาโลกมหาราช วันที่ 6 เม.ย.62(กลุ่ม3)', 'ภายใน', 'a2332d154f3c8d90976d58f5f1f3bcf4.pdf', 1, '2019-03-27 09:37:35', '2019-03-27 09:37:35'),
(80, 'ศย009/ว285 กองสารนิเทศและประชาสัมพันธ์ ให้บริการจัดทำหนังสืออิเล็กทรอนิกส์(E-book)', 'หนังเวียนสำนักงานศาล', '0859181faa75b5248de2b39ee1e8b923.pdf', 1, '2019-03-27 10:14:05', '2019-03-27 10:14:05'),
(81, 'พิธีเจริญพระพุทธมนต์ วัดคลองวาฬ 28มี.ค.62 (กลุ่ม1)', 'ภายใน', '5e38042de6c27171a86d3446f681c3e1.pdf', 1, '2019-03-27 10:47:54', '2019-03-27 10:47:54'),
(82, '(S) ศย016/ว354 ลว3เม.ย.62 ขอเชิญรับชมการอภิปรายความรู้ตามโครงการเผยแพร่ความรู้ทางด้านกฎหมายและการพิจารณาพิพากษาคดีของข้าราชการฝ่ายตุลาการศาลยุติธรรม เรื่อง การปล่อยชั่วคราวตามกฎหมายที่แก้ไขใหม่ ในวันจันทร์ที่ 22 เม.ย.62 เวลา 12.00-13.00 น.(idp 1ชม.)', 'หนังเวียนสำนักงานศาล', 'b0d7fcfea5dc47a3b14c7703dd4d4e31.pdf', 1, '2019-04-05 09:09:30', '2019-04-05 09:09:30'),
(83, '(s) ศย025/ว326 ลว. 3เม.ย.62 เรื่อง การรายงานและติดตามผลการส่งหมายข้ามเขตทางอิเล็กทรอนิกส์ อบรมผ่านStreaming ในวันที่ 23 เม.ย. 62 เวลา 13.30 - 16.30', 'หนังเวียนสำนักงานศาล', '9e5651a1d59ed03f2e8dd44c14254992.pdf', 1, '2019-04-05 09:39:45', '2019-04-05 09:39:45'),
(84, 'ศย013/ว323 ลว. 2เม.ย.62 เรื่อง การใช้แผนแม่บทพัฒนาดิจิทัลศาลยุติธรรม พ.ศ.2562-2564 เป็นกรอบแนวทางในการพัฒนาศาลยุติธรรมและสำนักงานศาลยุติธรรม https://techno.coj.go.th/', 'หนังเวียนสำนักงานศาล', '1973fc6413bbcb437c0eb3337a6e449f.pdf', 1, '2019-04-05 09:52:36', '2019-04-05 09:52:36'),
(85, 'ศย 008/ว338 ลว.5เม.ย.62 การบรรยายพิเศษ เรื่อง Blockchain and Digital Assets ความรู้เบื้องต้นและประเด็นข้อกฎหมายที่เกี่ยวข้อง(IDP 1.30 ชม.)ในวันที่ 5 เมษายน 2562 เวลา 15.00 เป็นต้นไป', 'หนังเวียนสำนักงานศาล', '9bffeff1fabbeb4063ad5534dddde9af.pdf', 1, '2019-04-05 11:50:42', '2019-04-05 11:50:42'),
(86, 'ศย016/ว353 ลว 9เม.ย.62 สำนักกฎหมายและวิชาการศาลยุติธรรม ขอเชิญชมการอภิปรายความรู้ เรื่อง การปล่อยชั่วคราวตามกฎหมายที่แก้ไขใหม่ วันจันทร์ที่ 22 เมษายน 2562 เวลา 14.00 - 15.30 น.', 'หนังเวียนสำนักงานศาล', '15606d9ae80756c87d2aae65c052201f.pdf', 1, '2019-04-11 09:28:49', '2019-04-11 09:28:49'),
(87, 'ศย002/ว337 ลว 5เม.ย.62 (กบศ.) โครงการบรรพชาอุปสมบทเฉลิมพระเกียรติเนื่องในโครงการมหามงคลพระราชพิธีบรมราชาภิเษก ระว่างวีนที่ 2-16 พฤษภาคม 2562', 'หนังเวียนสำนักงานศาล', 'e5deb890bcca139c0092fb9d9cc085e0.pdf', 1, '2019-04-11 09:44:15', '2019-04-11 09:44:15'),
(88, 'ศย 307.001/01229 ลว. 10 เม.ย.62 เรื่องการรายงานข้อมูลสถิติคดีจำนวนข้อหาความผิดตามพระราชบัญญัติจราจรทางบก พ.ศ.2522 ที่เข้าสู่การพิจารณาของศาลชั้นต้น(7 วันอันตราย) รายงานตั้งแต่วันที่ 11-17 เม.ย.62 ภายในเวลา 16.30 น. รายงานผ่าน http://report.coj.go.th', 'หนังเวียนสำนักงานศาล', 'b6e1d95194641efa97286bc6c56064be.pdf', 1, '2019-04-11 10:55:38', '2019-04-11 10:55:38'),
(89, 'ตารางเวร เดือน พฤษภาคม 2562 + ผู้ตรวจ', 'ตารางเวร', '0402b739681f5dd63fb56db0cf473e52.pdf', 1, '2019-04-17 15:10:49', '2019-04-17 15:10:49'),
(90, 'คำสั่งแต่งตั้งกรรมการดำเนินการโครงการ 137 ปี วันศาลยุติธรรม + กำหนดการ', 'ภายใน', '42c12e77b83e343f9595dcb674433f5a.pdf', 1, '2019-04-19 09:53:32', '2019-04-19 09:53:32'),
(91, 'โครงการอบรม หลักสูตร เทคนิคการไกล่เกลี่ยข้อพิพาท (Streaming) วันอังคารที่ 30 เมษายน 2562 เวลา 13.30 - 16.00 น.', 'หนังเวียนสำนักงานศาล', 'd162a7848d51e03e45b44b142f1acb42.pdf', 1, '2019-04-23 09:29:35', '2019-04-23 09:29:35'),
(92, 'พิธีเจริญพระพุทธมนต์ วัดคลองวาฬ 28 เม.ย.62 (กลุ่ม3)', 'ภายใน', '55aa44133f7a0800e77fb9c7b29cfcdb.pdf', 1, '2019-04-25 09:15:22', '2019-04-25 09:15:22'),
(93, 'ศย 025/ว80(ป) ลว 23 เม.ย.62 เรื่อง แนวทางปฏิบัติงานการออกหมายจับผ่านระบบอิเล็กทรอนิกส์ (AWIS)', 'หนังเวียนสำนักงานศาล', 'b922011ca4a0c89ecb7b8424b24b9d74.pdf', 1, '2019-04-25 09:17:41', '2019-04-25 09:17:41'),
(94, 'ปข 022.3/8155 ลว 23 เม.ย.62 เรื่อง การจัดกิจกรรมตลาดรีไซเคิล (เลื่อนการจัดกิจกรรมเป็นวันพฤหัสบดีที่ 27 มิถุนายน 2562 เวลา13.30 น.)', 'หนังเวียนสำนักงานศาล', '2f969316bbd34e54ac7cc431c03ed24e.pdf', 1, '2019-04-25 09:21:49', '2019-04-25 09:21:49'),
(95, 'ศย 004/ว 409 ลว 24 เม.ย. 62 เรื่อง ขอเชิญร่วมเข้าร่วมโครงการฝึกอบรมผ่านระบบถ่ายทอดสัญญาญภาพและเสียง(Streaming)เกี่ยวกับการเสริมสร้างวินัยและการดำเนินการทางวินัยของข้าราชการศาลยุติธรรม ลูกจ้าง และพนักงานราชการศาลยุติธรรม', 'หนังเวียนสำนักงานศาล', '5f10e2fb233819ba45b5d01ad5121246.pdf', 1, '2019-04-25 15:00:00', '2019-04-25 15:00:00'),
(96, 'ศย 025/ว80(ป) ลว 23 เม.ย.62 เรื่อง แนวทางปฏิบัติงานการออกหมายจับผ่านระบบอิเล็กทรอนิกส์(AWIS)', 'หนังเวียนสำนักงานศาล', '9cd46e8c87ccee86a955fdbf71ad6c96.pdf', 1, '2019-04-29 10:47:20', '2019-04-29 10:47:20'),
(97, 'คำสั่งศาลฯ ที่ 24 /2562 เรื่อง แผนปฏิบัติกรประหยัดพลังงานและลดการใช้วัสดุสิ้นเปลืองในศาลเยาวชนและครอบครัวจังหวัดประจวบคีรีขันธ์', '	คำสั่งศาลฯ', '162b4f950e44d8c9b38654f0e575ba48.pdf', 1, '2019-05-01 09:28:07', '2019-05-01 09:28:07'),
(98, 'คำสั่งมอบหมายให้ข้าราชการศาลยุติธรรม ลูกจ้างและพนักงานราชการเข้าร่วมงานรัฐพิธี งานพิธีและกิจกรรมต่างๆ', 'ภายใน', 'e725e3df3f666d00348496af3d637816.pdf', 1, '2019-05-02 09:53:37', '2019-05-02 09:53:37'),
(99, 'ศย 004/ว 409 ลว 24 เม.ย.62 ขอเชิญเข้าร่วมโครงการฝึกอบรมผ่าน Streaming เกี่ยวกับการเสริมสร้างวินัยและการดำเนินการทางวินัยของข้าราชการศาลยุติธรรม ลูกจ้างและพนักงานราชการศาลยุติธรรม', 'ภายใน', '9ce16c075d935483b4c6137e5c5123bb.pdf', 1, '2019-05-02 10:14:52', '2019-05-02 10:14:52'),
(100, 'คำสั่งศาลฯ ที่ 32/2562 เรื่อง แต่งตั้งคณะกรรมการปลดเผาทำลายสำนวนความและเอกสาร ประจำปี 2562 ', 'ภายใน', '797a3eac706a6ea5736b5f79ed72b30e.pdf', 1, '2019-05-07 09:32:09', '2019-05-07 09:32:09'),
(101, 'คำสั่งศาลฯ ที่ 30/2562 เรื่องแต่งตั้งคณะทำงานโครงการส่งเสริมการประสานความร่วมมือด้านการยุติธรรมของหน่วยงานในกระบวนการยุติธรรม ประจำปีงบประมาณ 2562', 'ภายใน', 'a7c218e6848da2176c181d289933c7e8.pdf', 1, '2019-05-07 09:47:59', '2019-05-07 09:47:59'),
(102, 'ปข 0034/ว 3534 ลว. 11 เม.ย. 2562 เรื่อง ขอความร่วมมือสนับสนุนทอดผ้าป่าพุทธมณฑล', 'หนังเวียนสำนักงานศาล', 'e4ec30d3a03ffe128fe3fce67463979f.pdf', 1, '2019-05-07 14:51:41', '2019-05-07 14:51:41'),
(103, 'ที่ ศย 023/ว 443 ลว. 3 พ.ค. 2562 เรื่อง การแสดงความประสงค์ขอย้ายของข้าราชการศาลยุติธรรม', 'หนังเวียนสำนักงานศาล', 'a8ce5bf6358d4fcccfb7f3d3e7e9b3e5.pdf', 1, '2019-05-07 14:53:13', '2019-05-07 14:53:13'),
(104, 'ที่ ศย.016/ว 432 ลว.30 เม.ย.62 เรื่อง ขอเชิญรับชมการอภปรายความรู้ตามโครงการเผยแพร่ความรู้ด้านกหมายแลละการพิจารณาพิพากษาคดี...', 'หนังเวียนสำนักงานศาล', '02c75cce579e36573153d5db0d55ddd5.pdf', 1, '2019-05-07 16:10:15', '2019-05-07 16:10:15'),
(105, 'ที่ ศย 008/ว433 ลว.30เม.ย.62 การบรรยาย เรื่องขอบเขตหน้าที่การเปิดเผยข้อมลข่าวสารของศาลและหน่วยงานธุรการของศาล ในวันที่ 17 พ.ค.62 เวลา 12.00-14.00 น. (idp1.30 ชม.)  ', 'หนังเวียนสำนักงานศาล', 'e603076f833508dc762adb4a86e6cdab.pdf', 1, '2019-05-07 16:13:55', '2019-05-07 16:13:55'),
(106, 'ศย 008/ว 429 ลว 30 เม.ย.62 ศูนย์วิทยบริการศาลยุติธรรม ได้ดำเนินการจัดส่ง username และ password พร้อมคู่มือการใช้งานโปรแกรมการเรียนการสอนภาษาอังกฤษ English Discoveries', 'หนังเวียนสำนักงานศาล', 'e19b12d03627348ba5ae35aa8ce0d86c.pdf', 1, '2019-05-13 13:18:14', '2019-05-13 13:18:14'),
(107, 'ศย 024/ว 451 ลว 8 พ.ค.62 สำนักกิจการคดีขอเชิญรับฟังการบรรยาย/อภิปรายผ่านระบบการถ่ายทอดภาพและเสียง(IDP)', 'หนังเวียนสำนักงานศาล', 'f5ab09077eada631d9d5b73ef749d6e7.pdf', 1, '2019-05-13 13:28:54', '2019-05-13 13:28:54'),
(108, 'ศย 025/ว 463 ลว 13 พ.ค.62 การถ่ายทอดสัญญาญภาพและเสียง(Streaming) สัมมนากระบวนการคุ้มครองสิทธิและเสรีภาพในคดีอาญา ระหว่างวันที่ 15-16 พ.ค. 62 เวลา 13.30-15.00 น.', 'หนังเวียนสำนักงานศาล', '757414f8cdefa25ff3c5e94888b9803d.pdf', 1, '2019-05-15 09:34:09', '2019-05-15 09:34:09'),
(109, 'ศย 008/ว 467 ศูนย์วิทยบริการศาลยุติธรรมจัดกิจกรรมการอภิปราย เรื่อง การสร้างสมดุลในการทำงานและการดำรงชีวิต(work life balance) ในวันพุธที่ 22 พฤษภาคม 2562 เวลา 12.00 - 14.00 น.(idp 1.30)', 'หนังเวียนสำนักงานศาล', '4bcb0536d24cd0d7b2c7ce6fa6038efe.pdf', 1, '2019-05-15 11:35:48', '2019-05-15 11:35:48'),
(110, 'ตารางเวร เดือน มิถุนายน 2562 + ผู้ตรวจ  ', 'ตารางเวร', '6b46c1edb6c1f3ed21b4ec916bb0ab89.pdf', 1, '2019-05-22 09:52:47', '2019-05-22 09:52:47'),
(111, 'ศย 300.009/ว14 ลว10เม.ย.62 เรื่อง ขอเชิญประชุมเชิงปฏิบัติการวิธีดำเนินการตาม พรบ.ศาลเยาวชนและครอบครัวและวิธีพิจารณาคดีเยาวชนและครอบครัวโดยวิธีการ streaming ระหว่างวันที่ 23-24 พ.ค.62 เวลา 8.30-16.30 น.', 'หนังเวียนสำนักงานศาล', 'bb7dcd78d4d789e310b4f5451e718d5c.pdf', 1, '2019-05-22 10:01:34', '2019-05-22 10:01:34'),
(112, 'ศย 016/ว470 ลว 15พ.ค.62  เรื่อง ขอเชิญชมการอภิปรายความรู้ เรื่องการไกล่เกลี่ยข้อพิพาทตามกฎหมายใหม่ \"พ.ร.บ.การไกล่เกลี่ยข้อพิพาท\" ในวันที่ 27 พ.ค.62 เวลา 9.00-11.00 น. (idp 2 ชม.)', 'หนังเวียนสำนักงานศาล', 'fd86bf66b00fd8c0a1b400746df88d61.pdf', 1, '2019-05-22 10:10:59', '2019-05-22 10:10:59'),
(113, 'กำหนดการ โครงการ รักษ์สุขภาพกับศาลเยาวชนและครอบครัวจังหวัดประจวบคีรีขันธ์ + คำสั่ง + รายละเอียดโครงการ', 'ภายใน', '12ff86406d67eb326704b9648b6fbd57.pdf', 1, '2019-05-24 14:33:23', '2019-05-24 14:33:23'),
(114, 'สถาบันวิจัยและพัฒนารพีพัฒนศักดิ์ จัดสัมนาเรื่อง ระบบติดตามสำนวนคดีบนเว็บไซต์ศาลยุติธรรม(Tracking System) idp1ชม.', 'ภายใน', 'e2fbd873b73425c9dbd7818d2ec37d4e.pdf', 1, '2019-05-24 14:39:59', '2019-05-24 14:39:59'),
(115, 'ศย 004/ว104 (ป) ลว 23/05/62 เรื่อง ประกาศให้ใช้ประมวลจริยธรรมข้าราชการศาล', 'หนังเวียนสำนักงานศาล', 'f0ef193c1fd71fa60b00c10b6cd1a830.pdf', 1, '2019-05-29 10:28:49', '2019-05-29 10:28:49'),
(116, 'ศย 024/ว 523 ลว.30/05/2562 สำนักกิจการคดีได้จัดทำโครงการเสริมสร้างการปฏิบัติงานเกี่ยวกับความรับผิดทางละเมิดของเจ้าหน้าที่แลการดำเนินงานบังคับคดีผู้ประกัน ผ่าน Steaming', 'หนังเวียนสำนักงานศาล', 'f8da94ce2947deb963e73e39ddc10bcf.pdf', 1, '2019-05-31 09:56:19', '2019-05-31 09:56:19'),
(117, 'ศย 024/ว 529 ลว 31/05/62 สำนักกิจการคดี จัดบรรยายผ่าน Streaming ในวันที่ 11 มิ.ย.62 ,17 มิ.ย.62 และ 25 มิ.ย.62 เวลา 9.30-11.00 น.', 'หนังเวียนสำนักงานศาล', '56a699280cc5ab5791ea0e21ef35181c.pdf', 1, '2019-06-05 10:16:14', '2019-06-05 10:16:14'),
(118, 'ศย 016/ว 539 ลว 04/06/62 เรื่อง ขอเชิญรับชมการบรรยายความรู้ตามโครงการเผยแพร่ความรู้ด้านกฎหมาย...', 'หนังเวียนสำนักงานศาล', '81d0910ef5f3a702b5a2c74be365a627.pdf', 1, '2019-06-05 14:00:06', '2019-06-05 14:00:06'),
(119, 'โครงการให้ความรู้เกี่ยวกับการป้องกันการเกิดอัคคีภัย(ไฟไหม้)+กำหนดการ', 'ภายใน', '1bfb6694f3187f0875ffd33403aa6d85.pdf', 1, '2019-06-12 08:36:40', '2019-06-12 08:36:40'),
(120, 'ขอเชิญรับชมการบรรยายความรู้ตามกฎหมายความรู้ทางด้านกฎหมายและวิธีพิจารณาพิพากษาคดีของข้าราชการฝ่ายตุลาการศาลยุติธรรมเรื่องพระราชบัญญัติคุ้มครองข้อมูลส่วนบุคคล 2562 ', 'หนังเวียนสำนักงานศาล', '29a41f61051b33e7005f717ef26c59b3.pdf', 1, '2019-06-13 10:09:42', '2019-06-13 10:09:42'),
(121, 'โครงการไกล่เกลี่ยสำหรับประชาชน/นักเรียนและนักศึกษาประจำปีงบประมาณ 2562 +กำหนดการ ', 'ภายใน', '5453699e917ed2a4d5e5e284e0c6eadc.pdf', 1, '2019-06-13 10:39:02', '2019-06-13 10:39:02'),
(122, 'ที่ ศย 025/ว 564 ลว 11 มิ.ย.62 สำนักส่งเสริมงานตุลาการจัดโครงการบรรยายพิเศษ หัวข้อ ประสบการณ์ในการนำเทคโนโลยีมาใช้ในการบริหารองค์กรภาคเอกชน (Streaming) ในวันพุธที่ 26 มิถุนายน 2562 เวลา 9.00 - 10.30 น.', 'หนังเวียนสำนักงานศาล', '72f67c7889f99ecf9355e55d827fc3c1.pdf', 1, '2019-06-13 10:49:39', '2019-06-13 10:49:39'),
(123, 'ที่ ศย 020/ว 554ลว 7 มิ.ย.62 สถาบันวิจัยและพัฒนศักดิ์ จัดสัมมนา หัวข้อ จุดประกายความคิดสร้างสรรค์เพื่อการพัฒนานวัตกรรม ในวันที่ 4 ก.ค. 62 เวลา 12.30 -14:00 น และวันอังคารที่ 9 ก.ค. 62 เวลา 12.30 นถึง 14.00 น ', 'หนังเวียนสำนักงานศาล', '4c58b1867f44a3f75b83d2ad97bbcf19.pdf', 1, '2019-06-13 11:04:36', '2019-06-13 11:04:36'),
(124, 'ที่ ศย 008/ว 540 ลว 6 มิ.ย.62 ศูนย์วิทยบริการศาลยุติธรรม จัดบรรยายพิเศษ เรื่อง ก้าวผ่าน Comfort Zone ไปสู่ศาลดิจิทัล ในวันที่ 18 มิ.ย. 62 เวลา 12.00 น เป็นต้นไป (idp 1.30 ชม.) ', 'หนังเวียนสำนักงานศาล', 'f0d0a5dc6eb4ed135f87ca26fc2da572.pdf', 1, '2019-06-13 11:10:55', '2019-06-13 11:10:55'),
(125, 'ตารางเวรเดือน กรกฎาคม 2562 + ผู้ตรวจ', 'ตารางเวร', '793b9be1c6b759936ee71b0e03d381d0.pdf', 1, '2019-06-13 14:50:18', '2019-06-13 14:50:18'),
(126, 'ข่าวสำนักการเจ้าหน้าที่ เรื่องกองทุนบำเหน็จบำนาญข้าราชการแจ้งยกเลิกการจัดทำบัตรสมาชิก กบข. แบบพลาสติก', 'ภายใน', '74dbb3ed56c52ddd69fe9c0f83502973.pdf', 1, '2019-06-18 10:29:23', '2019-06-18 10:29:23'),
(127, 'ที่ ศย 020/ว 591 ลว 17 มิ.ย.62 สถาบันวิจัยและพัฒนารพีพัฒนศักดิ์ ขอเชิญชมการสัมมนา เรื่องความเป็นธรรมในการเก็บค่าธรรมเนียมและค่าขึ้นศาล ผ่านระบบ Streaming ในวันที่ 27 มิ.ย. 62 เวลา 09.00 น  10.00 น เป็นต้นไป (idp 1 ชม.) ', 'หนังเวียนสำนักงานศาล', 'bc0b7f7fc2a62ee954352c629bcadddd.pdf', 1, '2019-06-18 14:48:04', '2019-06-18 14:48:04'),
(128, 'โครงการปฏิบัติธรรมนำสุข 2562 + กำหนดการ + คำสั่ง', 'ภายใน', '9b4ad897d627c5a6913e06526aa45eea.pdf', 1, '2019-06-18 15:55:46', '2019-06-18 15:55:46'),
(129, 'ศย 004/ว599 ลว 18 มิ.ย.62 เรื่อง หลักเกณฑ์คณะกรรมการข้าราชการศาลยุติธรรม เรื่อง เงินค่าตอบแทนพิเศษสำหรับตำแหน่งเจ้าพนักงานตำรวจศาล พ.ศ.2562', 'หนังเวียนสำนักงานศาล', '27354323df195c1ff02bafd37092b745.pdf', 1, '2019-06-20 15:29:16', '2019-06-20 15:29:16'),
(130, 'ศย 088/ว 606 ลว 19 มิ.ย.62 การบรรยายพิเศษ เรื่องการบริหารผลงานด้วย OKR สู่ D-Court 2020 ในวันที่ 25 มิ.ย.62 เวลา 12.00น. เป็นต้นไป', 'หนังเวียนสำนักงานศาล', 'f90170b021621faa23f1ceb6b9eb07d0.pdf', 1, '2019-06-20 16:34:29', '2019-06-20 16:34:29'),
(131, 'ศย 300.009/ว 19 ลว. 20 มิ.ย.62 เรื่อง การรับสมัครผู้เข้ารับการอบรมทดสอบความรู้ผู้ที่จะเป็นที่ปรึกษากฎหมาย ครั้งที่ 2/2562 สมัครตั้งแต่วันที่ 8-12 ก.ค. 2562', 'หนังเวียนสำนักงานศาล', 'd14b49d81ea89aec0687c926c80b5431.pdf', 1, '2019-06-21 16:24:58', '2019-06-21 16:24:58'),
(132, 'ศย 025/ว 613 ลว 21 มิ.ย.62 เรื่อง แนะนำแนวทางปฏิบัติการใช้งานระบบรายงานผลในเขตและระหว่างศาลทางอิเล็กทรอนิกส์ ผ่าน Streaming วันที่ 23 ก.ค. 62 เวลา 13.00-16.00 น.', 'หนังเวียนสำนักงานศาล', 'c7502b53cf617e9f7d19310592be1ab1.pdf', 1, '2019-06-26 15:39:39', '2019-06-26 15:39:39'),
(133, 'ศย 004/ว130(ป) ลว. 24 มิ.ย.62 เรื่องการจัดกลุ่มสายงานที่มีลักษณะงานและหน้าที่ความรับผิดชอบเหมือนกันหรือคล้ายคลึงกัน', 'หนังเวียนสำนักงานศาล', 'd6e46aa0150422be309bd18e7d65cab5.pdf', 1, '2019-06-26 15:45:37', '2019-06-26 15:45:37'),
(134, 'ศย 020/ว 619 ลว 24 มิ.ย.62 เรื่อง ขอเชิญรับชมการสัมมนาเพื่อพัฒนานวัตกรรมการอำนวยความยุติธรรม เรื่อง ข้อสังเกตและปัญหาการดำเนินคดีแบบกลุ่ม ผ่าน Streaming วันที่ 3 ก.ค.62 เวลา 13.00 - 14.00 น.', 'หนังเวียนสำนักงานศาล', '54178484904c3e5763fd843291cd7475.pdf', 1, '2019-06-26 15:52:09', '2019-06-26 15:52:09'),
(135, 'ศย 028/ว 617 ลว 24 มิ.ย.62 เรื่อง ขอเชิญเข้าร่วมโครงการเผยแพร่ความรู้ เรื่อง ระเบียบแนวทางปฏิบัติเกี่ยวกับการใช้ที่ราชพัสดุ ผ่าน Streaming วันที่ 15 ส.ค.62 เวลา 12.30 - 14.00 น.', 'หนังเวียนสำนักงานศาล', 'ffa59fb4f492e90aa15aa4feccd652b5.pdf', 1, '2019-06-26 15:56:21', '2019-06-26 15:56:21'),
(136, 'ศย 028/ว639 ลว 28 มิ.ย.62 เรื่อง การกู้เงิน โครงการบ้าน ธอส.-กบข เพื่อท่อยู่อาศัยข้าราชการ ครั้งที่ 14', 'หนังเวียนสำนักงานศาล', 'e8b3793e730f15d11cae1f2d3da3dedf.pdf', 1, '2019-07-02 09:46:35', '2019-07-02 09:46:35'),
(137, 'ศย 024/ว 649 ลว 3 ก.ค.62 ประชุมเพื่อซักซ้อมความเข้าใจวิธีดำเนินงานระบบผ่อนชำระค่าปรับผู้ประกันผ่านเคาน์เตอร์เซอรวิส ผ่านระบบ Streaming ในวันที่ 10 ก.ค.62 เวลา 13.30-14.30', 'หนังเวียนสำนักงานศาล', '7a6df0e66deab1dfac50829458b0743e.pdf', 1, '2019-07-08 09:12:41', '2019-07-08 09:12:41'),
(138, 'ศย 007/ว668 ลว 11 ก.ค.62 เรื่อง ขอเชิญรับขมการอภิปรายโครงการสัมมนาทางวิชาการหัวข้อ \"กฎหมายเกี่ยวกับคดีแรงงาน: ประสบการณ์จาก International Training Centre of the IO สาธารณรัฐอิตาลี\" ผ่านระบบ Streaming', 'หนังเวียนสำนักงานศาล', '8df95ea6520fdcbd53b550f9a0934dc2.pdf', 1, '2019-07-15 10:49:44', '2019-07-15 10:49:44'),
(139, 'ตารางเวร เดือน สิงหาคม 2562 + ผู้ตรวจ', 'ตารางเวร', '3eac1f04179cab81b070001f346fb7d2.pdf', 1, '2019-07-15 10:55:02', '2019-07-15 10:55:02'),
(140, 'ศย 016/ว 677 ลว 15 ก.ค.62 เรื่อง \"ชักข้อมความเข้าใจเกี่ยวกับ พระราชบัญญัติส่งเสริมการพัฒนาและคุ้มครองสถาบันครอบครัว พ.ศ. ๒๕๖๒\" Streaming วันที่ 6 ส.ค.62 เวลา 10.00-11.30 น.', 'หนังเวียนสำนักงานศาล', '4d551ecf6749d59f07968f1b80f3688a.pdf', 1, '2019-07-18 10:49:15', '2019-07-18 10:49:15'),
(141, 'ศย 011/ว 679 ลว 15 ก.ค.62 วิธีการส่ง IDP ปีงบประมาณ 2562 (แบบใหม่ ผ่าน googleForm)', 'หนังเวียนสำนักงานศาล', '65ad82325c7012ae32bb06567fa9ec7f.pdf', 1, '2019-07-19 14:20:20', '2019-07-19 14:20:20'),
(142, 'ศย 007/ว 686 ลว 19 ก.ค.62 เรื่อง ขอเชิญชมการอภิปรายโครงการสัมมนาทางวิชาการ หัวข้อ การบริหารจัดการคดีขั้นสูง ผ่านระบบ Streaming วันศุกร์ที่ 26 ก.ค.62 เวลา 09.00-10.30 น. ', 'หนังเวียนสำนักงานศาล', '22b76da4f0fdcff2db530e821cb2347f.pdf', 1, '2019-07-22 11:30:32', '2019-07-22 11:30:32'),
(143, 'ศย 002/ว680 ลว 18 ก.ค.62 อภิปรายโครงการติดตามและประเมินผลการปฏิบัติตามระเบียบคณะกรรมการบริหารศาลยุติธรรม วันพุธที่ 24 ก.ค.62 เวลา 13.30-16.30 น.', 'หนังเวียนสำนักงานศาล', 'e5e83f5fa6596e251fb1d9a793dc8d82.pdf', 1, '2019-07-22 11:39:41', '2019-07-22 11:39:41'),
(144, 'ศย 023/ว 682 ลว 18 ก.ค.62 เรื่อง ระเบียบสำนักนายกรัฐมนตรี ว่าด้วยกาประดับเครื่องราชอิสริยาภรณ์ไทย(ฉบับที่2)พ.ศ.2562 ', 'หนังเวียนสำนักงานศาล', 'cd5db098fce36a5ece7b30d128c82f95.pdf', 1, '2019-07-22 11:43:58', '2019-07-22 11:43:58'),
(145, 'ศย 002/ว 692 ลว 23 ก.ค.62 เรื่อง Streaming ติดตามและประเมินผล ตามระเบียบกบศ และแบบวทางการพัฒนาระเบียบ กบศ ในวันที่ 8 ส.ค.62 เวลา 13.30-16.30 น.', 'หนังเวียนสำนักงานศาล', '40808c67cc41612ffb5aac20946c3b88.pdf', 1, '2019-07-26 10:39:08', '2019-07-26 10:39:08'),
(146, 'ศย 025/ว 694 ลว 24 ก.ค.62 เรื่อง การประกวดแข่งขันการสร้างสรรค์นวัตกรรมการบริหารคดีและนวัตกรรมการบริหาร ประจำปี 2562', 'หนังเวียนสำนักงานศาล', '292656678e7a782e8766a5d643fa0842.pdf', 1, '2019-07-26 11:03:52', '2019-07-26 11:03:52'),
(147, 'ศย 009/ว 702 ลว 25 ก.ค.62 กองสารนิเทศและประชาสัมพันธ์ จัด Streamming  ทักษะการต้อนรับประชาชนและการประชาสัมพันธ์ ระหว่างวันที่ 13-14 สิงหาคม 2562 เวลา 10.00-11.00 น. โดยให้บุคคลากรส่งแบบตอบรับเข้าร่วมผ่าน QR code ภายในวันที่ 31 ก.ค. 2562', 'หนังเวียนสำนักงานศาล', '1fb52aca4471356670fe3a48b13a15bf.pdf', 1, '2019-07-30 15:53:33', '2019-07-30 15:53:33'),
(148, 'ศย 025/ว 728 ลว. 1 ส.ค.62 เรื่อง สำนักส่งเสริมงานตุลาการจัดโครงการบรรยายพิเศษ หัวข้อ นวัตกรมเพื่อการขับเคลื่อนองค์กร : ปัจจัยสู่ความสำเร็จ ผ่านStreaming ในวันที่ 8 ส.ค.62 เวลา 10.00 - 11.30 น.', 'หนังเวียนสำนักงานศาล', 'a2774ca70c09541b21ed8090f1e4abc1.pdf', 1, '2019-08-05 10:26:29', '2019-08-05 10:26:29'),
(149, 'ศย 007/ว747 ลว 6ส.ค.62 เรื่อง ขอเชิญชมการอภิปรายโครงการสัมนาทางวิชาการ หัวข้อ การนำเทคโนโลยีมาใช้ในงานศาลยุติธรรม..ในวันที่ 13 ส.ค.62 เวลา 8.30 - 10.00 น.', 'หนังเวียนสำนักงานศาล', '9cecb342ceec707c82f60ceda4626152.pdf', 1, '2019-08-08 13:37:52', '2019-08-08 13:37:52'),
(150, 'ศย 028/ว 742 ลว. 5 ส.ค.62 เรื่อง โครงการสวัสดิการประกันภัยรถยนต์ สำหรับข้าราชการฝ่ายตุลาการศาลยุติธรรม และบุคคลากรในสังกัดสำนักงานศาลยุติธรม', 'หนังเวียนสำนักงานศาล', 'f9091ae1fa85abb56783d9206a05c6b1.pdf', 1, '2019-08-08 13:41:19', '2019-08-08 13:41:19'),
(151, 'ศย 013/ว 770 ลว.13ส.ค.62 เรื่อง ปรับเปลี่ยนกระบวนการเข้ารับชมการถ่ายทอดสัญญาณภาพและเสียง(Streaming) ', 'หนังเวียนสำนักงานศาล', '149d59d1faeb58c25d0a308549c8749d.pdf', 1, '2019-08-16 08:42:42', '2019-08-16 08:42:42'),
(152, 'ศย 007/ว 754 ลว.7ส.ค.62 เรื่อง ขอเชิญรับชมอภิปรายโครงการสัมนาทางวิชาการ หัวข้อ กฎหมายเกี่ยวกับคดีสิ่งแวดล้อม Experence from ERDEAUT, Universite Paris 1 Pantheon-sorbonne ผ่านระบบ Streaming ในวันศุกร์ 13 กันยายน 62 เวลา 12.00-13.00 น.', 'หนังเวียนสำนักงานศาล', '301e2b185ab950e34dabd7fe5262b366.pdf', 1, '2019-08-16 08:50:59', '2019-08-16 08:50:59'),
(153, 'ศย 016/ว 774 ลว.13ส.ค.62 เรื่อง ขอเชิญชมการอภิปรายความรู้ตามโครงการเผยแพร่ความรู้ทางด้านกฎหมายและการพิจารณาคดี เรื่อง การสร้างแนวร่วมเพื่อต่อสู่กับอาชญากรรมทางการเงิน ในวันจันทร์ ที่2 กันยายน 2562 เวลา 12.30-14.30 น. (idp /s  2 ชม.)', 'หนังเวียนสำนักงานศาล', 'fcb298e98b463ee4eaebfce3bb3323c8.pdf', 1, '2019-08-16 08:57:36', '2019-08-16 08:57:36'),
(154, 'ศย 016/ว 766 ลว9ส.ค.62 เรื่อง ขอเชิญรับชมการสมนาเพื่อรับฟังความคิดเห็นเพื่อกำหนดแนวทางสำหรับศาลที่พิจารณาพิพากษาคดีอาญา..ในวันศุกร์ที่ 14 ส.ค.62 เวลา 9.00-14.00 น. (idp /s 4 ชม.)', 'หนังเวียนสำนักงานศาล', '6b6bd88a0767d0c8ec6cd2421ad1b464.pdf', 1, '2019-08-16 09:02:59', '2019-08-16 09:02:59'),
(155, 'ตารางเวร เดือน กันยายน 2562 + ผู้ตรวจ', 'ตารางเวร', '186fd30a68807202a9659bef858f7a05.pdf', 1, '2019-08-16 09:40:34', '2019-08-16 09:40:34'),
(156, 'ศย 028 /ว 789 ลว.15ส.ค.62 เรื่อง โครงการสวัสดิการประกันชีวิตแบบกลุ่ม (ภาคสมัครใจ) สำหรับข้าราชฝ่ายตุลาการศาลยุติธรรมและบุคคลากรในสังกัดสำนักงานศาลยุติธรรม ประจำปี 2562', 'หนังเวียนสำนักงานศาล', 'dd697c605d2226ef7c3927aa58735c82.pdf', 1, '2019-08-21 09:00:39', '2019-08-21 09:00:39');

-- --------------------------------------------------------

--
-- Table structure for table `c_letter_caid`
--

CREATE TABLE `c_letter_caid` (
  `id` int(11) NOT NULL,
  `name` varchar(255) COLLATE utf8_unicode_ci NOT NULL,
  `order` int(11) DEFAULT NULL,
  `status` smallint(6) NOT NULL DEFAULT '1'
) ENGINE=InnoDB DEFAULT CHARSET=utf8 COLLATE=utf8_unicode_ci;

--
-- Dumping data for table `c_letter_caid`
--

INSERT INTO `c_letter_caid` (`id`, `name`, `order`, `status`) VALUES
(1, 'หนังเวียนสำนักงานศาล', 1, 1),
(2, 'ภายใน', 2, 1),
(3, 'ตารางเวร', 3, 1),
(4, 'คำสั่งศาลฯ', 4, 1);

-- --------------------------------------------------------

--
-- Table structure for table `dep`
--

CREATE TABLE `dep` (
  `id` int(11) NOT NULL,
  `name` varchar(255) COLLATE utf8_unicode_ci NOT NULL,
  `date_create` varchar(255) COLLATE utf8_unicode_ci DEFAULT NULL
) ENGINE=InnoDB DEFAULT CHARSET=utf8 COLLATE=utf8_unicode_ci;

--
-- Dumping data for table `dep`
--

INSERT INTO `dep` (`id`, `name`, `date_create`) VALUES
(1, 'พนักงานคอมพิวเตอร์', '2019-08-10 17:45:49'),
(2, 'นักวิชาการคอมพิวเตอร์', '2019-08-10 17:45:49'),
(3, 'เจ้าหน้าที่ศาลยุติธรรมปฏิบัติงาน', '2019-08-10 17:45:49'),
(4, 'เจ้าหน้าที่ศาลยุติธรรมชำนาญงาน', '2019-08-10 17:45:49'),
(5, 'นักจิตวิทยาปฏิบัติการ', '2019-08-10 17:45:49'),
(6, 'พนักงานสถานที่', '2019-08-10 17:45:49'),
(7, 'พนักงานขับรถยนต์', '2019-08-10 17:45:49'),
(8, 'เจ้าหน้่าที่ศาลยุติธรรม', '2019-08-10 17:45:49'),
(9, 'เจ้าพนักงานศาลยุติธรรมปฏิบัติการ', '2019-08-10 17:45:49'),
(10, 'นิติกรชำนาญการ', '2019-08-10 17:45:49'),
(11, 'เจ้าพนักงานศาลยุติธรรมชำนาญการ', '2019-08-10 17:45:49'),
(12, 'นักวิชาการเงินและบัญชีปฏิบัติการ', '2019-08-10 17:45:49'),
(13, 'เจ้าพนักงานศาลยุติธรรมชำนาญการพิเศษ', '2019-08-10 17:45:49'),
(14, 'นิติกร', '2019-08-10 17:45:49'),
(15, 'ผู้อำนวยการฯ', '2019-08-10 17:45:49');

-- --------------------------------------------------------

--
-- Table structure for table `fname`
--

CREATE TABLE `fname` (
  `id` int(11) NOT NULL,
  `name` varchar(255) COLLATE utf8_unicode_ci NOT NULL,
  `date_create` varchar(255) COLLATE utf8_unicode_ci DEFAULT NULL
) ENGINE=InnoDB DEFAULT CHARSET=utf8 COLLATE=utf8_unicode_ci;

--
-- Dumping data for table `fname`
--

INSERT INTO `fname` (`id`, `name`, `date_create`) VALUES
(1, 'นาย', '2019-08-10 17:45:49'),
(2, 'นาง', '2019-08-10 17:45:50'),
(3, 'นางสาว', '2019-08-10 17:45:50');

-- --------------------------------------------------------

--
-- Table structure for table `line`
--

CREATE TABLE `line` (
  `id` int(11) NOT NULL,
  `name` varchar(255) COLLATE utf8_unicode_ci NOT NULL,
  `token` varchar(255) COLLATE utf8_unicode_ci DEFAULT NULL,
  `status` smallint(6) DEFAULT '1'
) ENGINE=InnoDB DEFAULT CHARSET=utf8 COLLATE=utf8_unicode_ci;

--
-- Dumping data for table `line`
--

INSERT INTO `line` (`id`, `name`, `token`, `status`) VALUES
(8, 'user', 'N2wD8vfKP7Muw4NgfVEBw76EivJsWJQYLHeiAkhrZyO', 1),
(14, 'LineGroup', '72bPVwppZfiMjDoiH6V5i6lygBiD1zPtPDOezUrk7L5', 1),
(16, '9929', 'SLIPPMxUgc82QfVyFOGhGGlgjd6kxND9q2ONdmklhId', 1),
(17, 'admin', 'SLIPPMxUgc82QfVyFOGhGGlgjd6kxND9q2ONdmklhId', 1),
(18, 'id2323', '6EqNuNJNqV8PccmW6AMFCuV6XfIF4vtYN5hpeGXcj8D', 1),
(19, 'kung7', 'TJnjlUc9m2NFpQ80tiZtBLTKZAGwQcIPvITreQo8bzh', 1);

-- --------------------------------------------------------

--
-- Table structure for table `line_home`
--

CREATE TABLE `line_home` (
  `id` int(11) NOT NULL,
  `client_id` varchar(255) COLLATE utf8_unicode_ci DEFAULT NULL,
  `client_secret` varchar(255) COLLATE utf8_unicode_ci DEFAULT NULL,
  `name_ser` varchar(255) COLLATE utf8_unicode_ci DEFAULT NULL,
  `api_url` varchar(255) COLLATE utf8_unicode_ci DEFAULT NULL,
  `callback_url` varchar(255) COLLATE utf8_unicode_ci DEFAULT NULL
) ENGINE=InnoDB DEFAULT CHARSET=utf8 COLLATE=utf8_unicode_ci;

--
-- Dumping data for table `line_home`
--

INSERT INTO `line_home` (`id`, `client_id`, `client_secret`, `name_ser`, `api_url`, `callback_url`) VALUES
(1, '4FLzeUXbqtIa5moAG1wtel', 'zJyajyRcooJePqyLBzjWGJA9Zu7rRL6qTC0h8fYn0Xp', 'webPk', 'http://10.37.64.1/main/web/line/line_index', 'http://10.37.64.1/main/web/line/callback'),
(2, '4FLzeUXbqtIa5moAG1wtel', 'zJyajyRcooJePqyLBzjWGJA9Zu7rRL6qTC0h8fYn0Xp', 'webPk_user', 'http://10.37.64.1/main/web/line/line_index', 'http://10.37.64.1/main/web/user/callback'),
(3, 'pkkjc.coj@gmail.com', 'AIzaSyCtp0KVVxbk9VapZoU-X4J6uaulYafzMQw', 'googleCal', '', '');

-- --------------------------------------------------------

--
-- Table structure for table `log`
--

CREATE TABLE `log` (
  `id` int(11) NOT NULL,
  `user_id` int(11) NOT NULL,
  `manager` varchar(255) COLLATE utf8_unicode_ci DEFAULT NULL,
  `detail` varchar(255) COLLATE utf8_unicode_ci DEFAULT NULL,
  `ip` varchar(255) COLLATE utf8_unicode_ci DEFAULT NULL,
  `create_at` datetime DEFAULT NULL
) ENGINE=InnoDB DEFAULT CHARSET=utf8 COLLATE=utf8_unicode_ci;

--
-- Dumping data for table `log`
--

INSERT INTO `log` (`id`, `user_id`, `manager`, `detail`, `ip`, `create_at`) VALUES
(1, 1, 'Frist', 'Detail', 'IP', '2019-08-10 17:45:47'),
(2, 1, 'Cletter_Update', 'แกไข ชื่อเรื่องs', '127.0.0.1', '2019-08-10 17:55:36'),
(3, 1, 'Cletter_Update', 'แกไข ชื่อเรื่องsd', '127.0.0.1', '2019-08-10 17:56:01'),
(4, 1, 'Cletter_Read', 'เปิดอ่าน ss', '127.0.0.1', '2019-08-10 18:15:34'),
(5, 1, 'Cletter_Read', 'เปิดอ่าน ss', '127.0.0.1', '2019-08-10 18:15:39'),
(6, 1, 'Cletter_Read', 'เปิดอ่าน ss', '127.0.0.1', '2019-08-10 18:19:51'),
(7, 1, 'Cletter_Read', 'เปิดอ่าน ss', '127.0.0.1', '2019-08-10 18:22:50'),
(8, 1, 'Cletter_Read', 'เปิดอ่าน ss', '127.0.0.1', '2019-08-10 18:23:50'),
(9, 1, 'Cletter_Read', 'เปิดอ่าน ss', '127.0.0.1', '2019-08-10 18:24:04'),
(10, 1, 'Cletter_Read', 'เปิดอ่าน ss', '127.0.0.1', '2019-08-10 18:24:35'),
(11, 1, 'Cletter_Read', 'เปิดอ่าน ss', '127.0.0.1', '2019-08-10 18:27:54'),
(12, 1, 'Cletter_Read', 'เปิดอ่าน ss', '127.0.0.1', '2019-08-10 18:28:02'),
(13, 1, 'Cletter_Read', 'เปิดอ่าน ss', '127.0.0.1', '2019-08-10 18:29:16'),
(14, 1, 'Cletter_Read', 'เปิดอ่าน ss', '127.0.0.1', '2019-08-10 18:29:54'),
(15, 1, 'Cletter_Read', 'เปิดอ่าน ss', '127.0.0.1', '2019-08-10 18:30:20'),
(16, 1, 'Cletter_Read', 'เปิดอ่าน ss', '127.0.0.1', '2019-08-10 18:31:10'),
(17, 1, 'Cletter_Read', 'เปิดอ่าน ss', '127.0.0.1', '2019-08-10 18:31:28'),
(18, 1, 'Cletter_Read', 'เปิดอ่าน ss', '127.0.0.1', '2019-08-10 18:31:41'),
(19, 1, 'Cletter_Read', 'เปิดอ่าน ss', '127.0.0.1', '2019-08-10 18:32:12'),
(20, 1, 'Cletter_Read', 'เปิดอ่าน ss', '127.0.0.1', '2019-08-10 18:33:11'),
(21, 1, 'Cletter_Update', 'แกไข กาดกา', '127.0.0.1', '2019-08-10 18:45:32'),
(22, 2, 'Cletter_Read', 'เปิดอ่าน ss', '127.0.0.1', '2019-08-10 19:35:32'),
(23, 1, 'Cletter_Update', 'แกไข 333', '127.0.0.1', '2019-08-10 19:39:04'),
(24, 1, 'Cletter_Update', 'แกไข กาดกา', '127.0.0.1', '2019-08-10 19:39:28'),
(25, 1, 'Cletter_Update', 'แกไข 2222', '127.0.0.1', '2019-08-10 19:41:01'),
(26, 1, 'Cletter_Read', 'เปิดอ่าน ศย 028/ว 742 ลว. 5 ส.ค.62 เรื่อง โครงการสวัสดิการประกันภัยรถยนต์ สำหรับข้าราชการฝ่ายตุลาการศาลยุติธรรม และบุคคลากรในสังกัดสำนักงานศาลยุติธรม', '127.0.0.1', '2019-08-10 20:29:59'),
(27, 1, 'Cletter_Read', 'เปิดอ่าน ศย 007/ว747 ลว 6ส.ค.62 เรื่อง ขอเชิญชมการอภิปรายโครงการสัมนาทางวิชาการ หัวข้อ การนำเทคโนโลยีมาใช้ในงานศาลยุติธรรม..ในวันที่ 13 ส.ค.62 เวลา 8.30 - 10.00 น.', '127.0.0.1', '2019-08-10 20:44:22'),
(28, 1, 'Cletter_Read', 'เปิดอ่าน ยกเลิกการนำส่งใบเสร็จชำระเงินสงเคราะห์', '127.0.0.1', '2019-08-10 20:46:09'),
(29, 1, 'Cletter_Read', 'เปิดอ่าน ที่ ศย.016/ว 432 ลว.30 เม.ย.62 เรื่อง ขอเชิญรับชมการอภปรายความรู้ตามโครงการเผยแพร่ความรู้ด้านกหมายแลละการพิจารณาพิพากษาคดี...', '127.0.0.1', '2019-08-10 20:47:08'),
(30, 23, 'Cletter_Read', 'เปิดอ่าน คำสั่งมอบหมายให้ข้าราชการศาลยุติธรรม ลูกจ้างและพนักงานราชการเข้าร่วมงานรัฐพิธี งานพิธีและกิจกรรมต่างๆ', '127.0.0.1', '2019-08-10 23:18:13'),
(31, 23, 'Cletter_Read', 'เปิดอ่าน ที่ ศย.016/ว 432 ลว.30 เม.ย.62 เรื่อง ขอเชิญรับชมการอภปรายความรู้ตามโครงการเผยแพร่ความรู้ด้านกหมายแลละการพิจารณาพิพากษาคดี...', '::1', '2019-08-13 06:53:36'),
(32, 23, 'Cletter_Read', 'เปิดอ่าน ที่ ศย.016/ว 432 ลว.30 เม.ย.62 เรื่อง ขอเชิญรับชมการอภปรายความรู้ตามโครงการเผยแพร่ความรู้ด้านกหมายแลละการพิจารณาพิพากษาคดี...', '10.37.64.5', '2019-08-13 14:41:50'),
(33, 23, 'Cletter_Read', 'เปิดอ่าน ศย 028/ว 742 ลว. 5 ส.ค.62 เรื่อง โครงการสวัสดิการประกันภัยรถยนต์ สำหรับข้าราชการฝ่ายตุลาการศาลยุติธรรม และบุคคลากรในสังกัดสำนักงานศาลยุติธรม', '10.37.64.5', '2019-08-13 14:54:43'),
(34, 23, 'Cletter_Read', 'เปิดอ่าน ศย 007/ว747 ลว 6ส.ค.62 เรื่อง ขอเชิญชมการอภิปรายโครงการสัมนาทางวิชาการ หัวข้อ การนำเทคโนโลยีมาใช้ในงานศาลยุติธรรม..ในวันที่ 13 ส.ค.62 เวลา 8.30 - 10.00 น.', '10.37.64.5', '2019-08-13 14:54:46'),
(35, 42, 'Cletter_Read', 'เปิดอ่าน ที่ ศย.016/ว 432 ลว.30 เม.ย.62 เรื่อง ขอเชิญรับชมการอภปรายความรู้ตามโครงการเผยแพร่ความรู้ด้านกหมายแลละการพิจารณาพิพากษาคดี...', '10.37.64.5', '2019-08-13 14:59:27'),
(36, 42, 'Cletter_Read', 'เปิดอ่าน ศย 007/ว747 ลว 6ส.ค.62 เรื่อง ขอเชิญชมการอภิปรายโครงการสัมนาทางวิชาการ หัวข้อ การนำเทคโนโลยีมาใช้ในงานศาลยุติธรรม..ในวันที่ 13 ส.ค.62 เวลา 8.30 - 10.00 น.', '10.37.64.5', '2019-08-13 14:59:33'),
(37, 1565684760, 'Cletter_Read', 'เปิดอ่าน ศย 025/ว 694 ลว 24 ก.ค.62 เรื่อง การประกวดแข่งขันการสร้างสรรค์นวัตกรรมการบริหารคดีและนวัตกรรมการบริหาร ประจำปี 2562', '10.37.64.5', '2019-08-13 15:28:33'),
(38, 23, 'Cletter_Read', 'เปิดอ่าน ศย 028/ว 742 ลว. 5 ส.ค.62 เรื่อง โครงการสวัสดิการประกันภัยรถยนต์ สำหรับข้าราชการฝ่ายตุลาการศาลยุติธรรม และบุคคลากรในสังกัดสำนักงานศาลยุติธรม', '10.37.64.5', '2019-08-14 10:40:12'),
(39, 23, 'Cletter_Read', 'เปิดอ่าน ศย 007/ว747 ลว 6ส.ค.62 เรื่อง ขอเชิญชมการอภิปรายโครงการสัมนาทางวิชาการ หัวข้อ การนำเทคโนโลยีมาใช้ในงานศาลยุติธรรม..ในวันที่ 13 ส.ค.62 เวลา 8.30 - 10.00 น.', '10.37.64.5', '2019-08-14 10:40:16'),
(40, 23, 'Cletter_Read', 'เปิดอ่าน ศย 025/ว 728 ลว. 1 ส.ค.62 เรื่อง สำนักส่งเสริมงานตุลาการจัดโครงการบรรยายพิเศษ หัวข้อ นวัตกรมเพื่อการขับเคลื่อนองค์กร : ปัจจัยสู่ความสำเร็จ ผ่านStreaming ในวันที่ 8 ส.ค.62 เวลา 10.00 - 11.30 น.', '10.37.64.5', '2019-08-14 10:40:19'),
(41, 23, 'Cletter_Read', 'เปิดอ่าน ศย 028/ว 742 ลว. 5 ส.ค.62 เรื่อง โครงการสวัสดิการประกันภัยรถยนต์ สำหรับข้าราชการฝ่ายตุลาการศาลยุติธรรม และบุคคลากรในสังกัดสำนักงานศาลยุติธรม', '10.37.64.5', '2019-08-14 10:40:25'),
(42, 23, 'Cletter_Read', 'เปิดอ่าน ศย 011/ว 679 ลว 15 ก.ค.62 วิธีการส่ง IDP ปีงบประมาณ 2562 (แบบใหม่ ผ่าน googleForm)', '10.37.64.5', '2019-08-14 10:40:38'),
(43, 23, 'Cletter_Read', 'เปิดอ่าน ศย 028/ว 742 ลว. 5 ส.ค.62 เรื่อง โครงการสวัสดิการประกันภัยรถยนต์ สำหรับข้าราชการฝ่ายตุลาการศาลยุติธรรม และบุคคลากรในสังกัดสำนักงานศาลยุติธรม', '10.37.64.5', '2019-08-14 10:48:12'),
(44, 23, 'Cletter_Read', 'เปิดอ่าน ศย 007/ว747 ลว 6ส.ค.62 เรื่อง ขอเชิญชมการอภิปรายโครงการสัมนาทางวิชาการ หัวข้อ การนำเทคโนโลยีมาใช้ในงานศาลยุติธรรม..ในวันที่ 13 ส.ค.62 เวลา 8.30 - 10.00 น.', '10.37.64.5', '2019-08-14 11:55:59'),
(45, 23, 'Cletter_Read', 'เปิดอ่าน ศย 028/ว 742 ลว. 5 ส.ค.62 เรื่อง โครงการสวัสดิการประกันภัยรถยนต์ สำหรับข้าราชการฝ่ายตุลาการศาลยุติธรรม และบุคคลากรในสังกัดสำนักงานศาลยุติธรม', '10.37.64.5', '2019-08-14 11:57:02'),
(46, 23, 'Cletter_Read', 'เปิดอ่าน ตารางเวร เดือน สิงหาคม 2562 + ผู้ตรวจ', '10.37.64.5', '2019-08-14 11:58:17'),
(47, 35, 'Cletter_Read', 'เปิดอ่าน ตารางเวร เดือน สิงหาคม 2562 + ผู้ตรวจ', '10.37.64.53', '2019-08-14 11:59:31'),
(48, 1565684760, 'Cletter_Read', 'เปิดอ่าน ศย 028/ว 742 ลว. 5 ส.ค.62 เรื่อง โครงการสวัสดิการประกันภัยรถยนต์ สำหรับข้าราชการฝ่ายตุลาการศาลยุติธรรม และบุคคลากรในสังกัดสำนักงานศาลยุติธรม', '10.37.64.5', '2019-08-14 12:01:11'),
(49, 36, 'Cletter_Read', 'เปิดอ่าน ตารางเวร เดือน สิงหาคม 2562 + ผู้ตรวจ', '10.37.64.21', '2019-08-14 12:36:05'),
(50, 35, 'Cletter_Read', 'เปิดอ่าน ศย 016/ว 677 ลว 15 ก.ค.62 เรื่อง \"ชักข้อมความเข้าใจเกี่ยวกับ พระราชบัญญัติส่งเสริมการพัฒนาและคุ้มครองสถาบันครอบครัว พ.ศ. ๒๕๖๒\" Streaming วันที่ 6 ส.ค.62 เวลา 10.00-11.30 น.', '10.37.64.53', '2019-08-14 12:43:39'),
(51, 35, 'Cletter_Read', 'เปิดอ่าน ศย 028/ว 742 ลว. 5 ส.ค.62 เรื่อง โครงการสวัสดิการประกันภัยรถยนต์ สำหรับข้าราชการฝ่ายตุลาการศาลยุติธรรม และบุคคลากรในสังกัดสำนักงานศาลยุติธรม', '10.37.64.53', '2019-08-14 12:48:20'),
(52, 35, 'Cletter_Read', 'เปิดอ่าน ศย 011/ว 679 ลว 15 ก.ค.62 วิธีการส่ง IDP ปีงบประมาณ 2562 (แบบใหม่ ผ่าน googleForm)', '10.37.64.53', '2019-08-14 12:53:42'),
(53, 9, 'Cletter_Read', 'เปิดอ่าน ตารางเวร เดือน สิงหาคม 2562 + ผู้ตรวจ', '10.37.64.25', '2019-08-14 13:07:06'),
(54, 35, 'Cletter_Read', 'เปิดอ่าน ตารางเวร เดือน สิงหาคม 2562 + ผู้ตรวจ', '10.37.64.53', '2019-08-14 15:15:37'),
(55, 44, 'Cletter_Read', 'เปิดอ่าน ตารางเวร เดือน สิงหาคม 2562 + ผู้ตรวจ', '10.37.64.40', '2019-08-14 15:17:53'),
(56, 23, 'Cletter_Read', 'เปิดอ่าน ศย 028/ว 742 ลว. 5 ส.ค.62 เรื่อง โครงการสวัสดิการประกันภัยรถยนต์ สำหรับข้าราชการฝ่ายตุลาการศาลยุติธรรม และบุคคลากรในสังกัดสำนักงานศาลยุติธรม', '10.37.64.5', '2019-08-14 15:35:07'),
(57, 23, 'Cletter_Read', 'เปิดอ่าน ใบแจ้งซ่อม', '10.37.64.5', '2019-08-14 23:15:34'),
(58, 23, 'Cletter_Read', 'เปิดอ่าน ศย 028/ว 742 ลว. 5 ส.ค.62 เรื่อง โครงการสวัสดิการประกันภัยรถยนต์ สำหรับข้าราชการฝ่ายตุลาการศาลยุติธรรม และบุคคลากรในสังกัดสำนักงานศาลยุติธรม', '10.37.64.5', '2019-08-14 23:28:29'),
(59, 23, 'Cletter_Read', 'เปิดอ่าน ศย 028/ว 742 ลว. 5 ส.ค.62 เรื่อง โครงการสวัสดิการประกันภัยรถยนต์ สำหรับข้าราชการฝ่ายตุลาการศาลยุติธรรม และบุคคลากรในสังกัดสำนักงานศาลยุติธรม', '10.37.64.5', '2019-08-14 23:29:36'),
(60, 23, 'Cletter_Read', 'เปิดอ่าน ตารางเวร เดือน สิงหาคม 2562 + ผู้ตรวจ', '10.37.65.1', '2019-08-14 23:48:13'),
(61, 16, 'Cletter_Read', 'เปิดอ่าน ศย 028/ว 742 ลว. 5 ส.ค.62 เรื่อง โครงการสวัสดิการประกันภัยรถยนต์ สำหรับข้าราชการฝ่ายตุลาการศาลยุติธรรม และบุคคลากรในสังกัดสำนักงานศาลยุติธรม', '10.37.64.42', '2019-08-15 09:27:08'),
(62, 16, 'Cletter_Read', 'เปิดอ่าน ศย 025/ว 694 ลว 24 ก.ค.62 เรื่อง การประกวดแข่งขันการสร้างสรรค์นวัตกรรมการบริหารคดีและนวัตกรรมการบริหาร ประจำปี 2562', '10.37.64.42', '2019-08-15 09:39:12'),
(63, 16, 'Cletter_Read', 'เปิดอ่าน ศย 009/ว 702 ลว 25 ก.ค.62 กองสารนิเทศและประชาสัมพันธ์ จัด Streamming  ทักษะการต้อนรับประชาชนและการประชาสัมพันธ์ ระหว่างวันที่ 13-14 สิงหาคม 2562 เวลา 10.00-11.00 น. โดยให้บุคคลากรส่งแบบตอบรับเข้าร่วมผ่าน QR code ภายในวันที่ 31 ก.ค. 2562', '10.37.64.42', '2019-08-15 09:41:09'),
(64, 16, 'Cletter_Read', 'เปิดอ่าน ศย 002/ว 692 ลว 23 ก.ค.62 เรื่อง Streaming ติดตามและประเมินผล ตามระเบียบกบศ และแบบวทางการพัฒนาระเบียบ กบศ ในวันที่ 8 ส.ค.62 เวลา 13.30-16.30 น.', '10.37.64.42', '2019-08-15 09:41:47'),
(65, 16, 'Cletter_Read', 'เปิดอ่าน ศย 007/ว 686 ลว 19 ก.ค.62 เรื่อง ขอเชิญชมการอภิปรายโครงการสัมมนาทางวิชาการ หัวข้อ การบริหารจัดการคดีขั้นสูง ผ่านระบบ Streaming วันศุกร์ที่ 26 ก.ค.62 เวลา 09.00-10.30 น. ', '10.37.64.42', '2019-08-15 09:42:26'),
(66, 23, 'Cletter_Read', 'เปิดอ่าน ศย 013/ว 770 ลว.13ส.ค.62 เรื่อง ปรับเปลี่ยนกระบวนการเข้ารับชมการถ่ายทอดสัญญาณภาพและเสียง(Streaming) ', '10.37.64.5', '2019-08-16 08:44:00'),
(67, 38, 'Cletter_Read', 'เปิดอ่าน ตารางเวร เดือน กันยายน 2562 + ผู้ตรวจ', '10.37.64.17', '2019-08-16 09:40:48'),
(68, 15, 'Cletter_Read', 'เปิดอ่าน ตารางเวร เดือน กันยายน 2562 + ผู้ตรวจ', '10.37.64.26', '2019-08-16 09:42:26'),
(69, 13, 'Cletter_Read', 'เปิดอ่าน ตารางเวร เดือน กันยายน 2562 + ผู้ตรวจ', '10.37.64.35', '2019-08-16 09:42:33'),
(70, 13, 'Cletter_Read', 'เปิดอ่าน ตารางเวร เดือน กันยายน 2562 + ผู้ตรวจ', '10.37.64.35', '2019-08-16 09:42:34'),
(71, 42, 'Cletter_Read', 'เปิดอ่าน ตารางเวร เดือน กันยายน 2562 + ผู้ตรวจ', '10.37.65.1', '2019-08-16 09:46:28'),
(72, 13, 'Cletter_Read', 'เปิดอ่าน ตารางเวร เดือน กันยายน 2562 + ผู้ตรวจ', '10.37.64.35', '2019-08-16 09:50:15'),
(73, 13, 'Cletter_Read', 'เปิดอ่าน ตารางเวร เดือน กันยายน 2562 + ผู้ตรวจ', '10.37.64.35', '2019-08-16 09:50:16'),
(74, 24, 'Cletter_Read', 'เปิดอ่าน ตารางเวร เดือน กันยายน 2562 + ผู้ตรวจ', '10.37.65.29', '2019-08-16 09:55:49'),
(75, 36, 'Cletter_Read', 'เปิดอ่าน ตารางเวร เดือน กันยายน 2562 + ผู้ตรวจ', '10.37.64.24', '2019-08-16 09:56:38'),
(76, 23, 'Cletter_Read', 'เปิดอ่าน ศย 016/ว 766 ลว9ส.ค.62 เรื่อง ขอเชิญรับชมการสมนาเพื่อรับฟังความคิดเห็นเพื่อกำหนดแนวทางสำหรับศาลที่พิจารณาพิพากษาคดีอาญา..ในวันศุกร์ที่ 14 ส.ค.62 เวลา 9.00-4.00 น. (idp /s 4 ชม.)', '10.37.64.5', '2019-08-16 10:05:55'),
(77, 23, 'Cletter_Update', 'แกไข ศย 016/ว 766 ลว9ส.ค.62 เรื่อง ขอเชิญรับชมการสมนาเพื่อรับฟังความคิดเห็นเพื่อกำหนดแนวทางสำหรับศาลที่พิจารณาพิพากษาคดีอาญา..ในวันศุกร์ที่ 14 ส.ค.62 เวลา 9.00-14.00 น. (idp /s 4 ชม.)', '10.37.64.5', '2019-08-16 10:06:10'),
(78, 20, 'Cletter_Read', 'เปิดอ่าน ตารางเวร เดือน กันยายน 2562 + ผู้ตรวจ', '10.37.64.28', '2019-08-16 10:08:53'),
(79, 19, 'Cletter_Read', 'เปิดอ่าน ตารางเวร เดือน กันยายน 2562 + ผู้ตรวจ', '10.37.65.2', '2019-08-16 15:24:08'),
(80, 20, 'Cletter_Read', 'เปิดอ่าน ตารางเวร เดือน กันยายน 2562 + ผู้ตรวจ', '10.37.65.12', '2019-08-16 15:40:28'),
(81, 20, 'Cletter_Read', 'เปิดอ่าน ตารางเวร เดือน กันยายน 2562 + ผู้ตรวจ', '10.37.65.12', '2019-08-16 15:42:54'),
(82, 23, 'Cletter_Read', 'เปิดอ่าน ตารางเวร เดือน กันยายน 2562 + ผู้ตรวจ', '10.37.65.1', '2019-08-19 08:30:23'),
(83, 39, 'Cletter_Read', 'เปิดอ่าน ตารางเวร เดือน กันยายน 2562 + ผู้ตรวจ', '10.37.64.39', '2019-08-19 08:35:06'),
(84, 23, 'Cletter_Read', 'เปิดอ่าน ตารางเวร เดือน กันยายน 2562 + ผู้ตรวจ', '10.37.64.5', '2019-08-19 08:56:37'),
(85, 20, 'Cletter_Read', 'เปิดอ่าน ตารางเวร เดือน กันยายน 2562 + ผู้ตรวจ', '10.37.64.28', '2019-08-19 09:35:02'),
(86, 16, 'Cletter_Read', 'เปิดอ่าน ศย 016/ว 766 ลว9ส.ค.62 เรื่อง ขอเชิญรับชมการสมนาเพื่อรับฟังความคิดเห็นเพื่อกำหนดแนวทางสำหรับศาลที่พิจารณาพิพากษาคดีอาญา..ในวันศุกร์ที่ 14 ส.ค.62 เวลา 9.00-14.00 น. (idp /s 4 ชม.)', '10.37.64.42', '2019-08-19 11:11:37'),
(87, 16, 'Cletter_Read', 'เปิดอ่าน ศย 007/ว 754 ลว.7ส.ค.62 เรื่อง ขอเชิญรับชมอภิปรายโครงการสัมนาทางวิชาการ หัวข้อ กฎหมายเกี่ยวกับคดีสิ่งแวดล้อม Experence from ERDEAUT, Universite Paris 1 Pantheon-sorbonne ผ่านระบบ Streaming ในวันศุกร์ 13 กันยายน 62 เวลา 12.00-13.00 น.', '10.37.64.42', '2019-08-19 11:13:18'),
(88, 16, 'Cletter_Read', 'เปิดอ่าน ตารางเวร เดือน กันยายน 2562 + ผู้ตรวจ', '10.37.64.42', '2019-08-19 11:14:31'),
(89, 12, 'Cletter_Read', 'เปิดอ่าน ตารางเวร เดือน กันยายน 2562 + ผู้ตรวจ', '10.37.64.41', '2019-08-20 14:38:11'),
(90, 9, 'Cletter_Read', 'เปิดอ่าน ตารางเวร เดือน สิงหาคม 2562 + ผู้ตรวจ', '10.37.64.25', '2019-08-20 14:42:11'),
(91, 23, 'Cletter_Read', 'เปิดอ่าน ตารางเวร เดือน กันยายน 2562 + ผู้ตรวจ', '10.37.64.5', '2019-08-20 16:14:33'),
(92, 23, 'Cletter_Read', 'เปิดอ่าน ศย 028 /ว 789 ลว.15ส.ค.62 เรื่อง โครงการสวัสดิการประกันชีวิตแบบกลุ่ม (ภาคสมัครใจ) สำหรับข้าราชฝ่ายตุลาการศาลยุติธรรมและบุคคลากรในสังกัดสำนักงานศาลยุติธรรม ประจำปี 2562', '10.37.64.5', '2019-08-21 09:01:32'),
(93, 23, 'Cletter_Read', 'เปิดอ่าน ตารางเวร เดือน กันยายน 2562 + ผู้ตรวจ', '10.37.64.5', '2019-08-21 09:01:47'),
(94, 23, 'Cletter_Read', 'เปิดอ่าน ศย 028 /ว 789 ลว.15ส.ค.62 เรื่อง โครงการสวัสดิการประกันชีวิตแบบกลุ่ม (ภาคสมัครใจ) สำหรับข้าราชฝ่ายตุลาการศาลยุติธรรมและบุคคลากรในสังกัดสำนักงานศาลยุติธรรม ประจำปี 2562', '10.37.65.1', '2019-08-21 09:38:36'),
(95, 38, 'Cletter_Read', 'เปิดอ่าน ตารางเวร เดือน กันยายน 2562 + ผู้ตรวจ', '10.37.64.17', '2019-08-21 15:20:51');

-- --------------------------------------------------------

--
-- Table structure for table `migration`
--

CREATE TABLE `migration` (
  `version` varchar(180) COLLATE utf8_unicode_ci NOT NULL,
  `apply_time` int(11) DEFAULT NULL
) ENGINE=InnoDB DEFAULT CHARSET=utf8 COLLATE=utf8_unicode_ci;

--
-- Dumping data for table `migration`
--

INSERT INTO `migration` (`version`, `apply_time`) VALUES
('m000000_000000_base', 1565451942),
('m180924_030329_create_user_table', 1565451945),
('m180925_032309_profile', 1565451945),
('m181113_130905_cLetter', 1565451946),
('m181113_132442_cLetter_caid', 1565451946),
('m190226_130942_web_link', 1565451947),
('m190228_090317_log', 1565451947),
('m190423_040403_bila', 1565451948),
('m190425_034830_sign_boss_name', 1565451948),
('m190510_082920_web_link_file', 1565451948),
('m190729_165554_Dep', 1565451949),
('m190730_035022_fname', 1565451950),
('m190807_143350_lineE', 1565451950),
('m190812_080822_line_home', 1565671358);

-- --------------------------------------------------------

--
-- Table structure for table `profile`
--

CREATE TABLE `profile` (
  `id` int(11) NOT NULL,
  `user_id` varchar(255) COLLATE utf8_unicode_ci DEFAULT NULL,
  `id_card` varchar(255) COLLATE utf8_unicode_ci DEFAULT NULL,
  `fname` varchar(25) COLLATE utf8_unicode_ci DEFAULT NULL,
  `name` varchar(255) COLLATE utf8_unicode_ci DEFAULT NULL,
  `sname` varchar(255) COLLATE utf8_unicode_ci DEFAULT NULL,
  `img` varchar(255) COLLATE utf8_unicode_ci DEFAULT NULL,
  `birthday` date DEFAULT NULL,
  `bloodtype` varchar(255) COLLATE utf8_unicode_ci DEFAULT NULL,
  `dep` varchar(255) COLLATE utf8_unicode_ci DEFAULT NULL,
  `address` varchar(255) COLLATE utf8_unicode_ci DEFAULT NULL,
  `phone` varchar(255) COLLATE utf8_unicode_ci DEFAULT NULL,
  `status` smallint(6) DEFAULT '10',
  `created_at` datetime DEFAULT NULL,
  `updated_at` datetime DEFAULT NULL,
  `st` smallint(6) DEFAULT NULL
) ENGINE=InnoDB DEFAULT CHARSET=utf8 COLLATE=utf8_unicode_ci;

--
-- Dumping data for table `profile`
--

INSERT INTO `profile` (`id`, `user_id`, `id_card`, `fname`, `name`, `sname`, `img`, `birthday`, `bloodtype`, `dep`, `address`, `phone`, `status`, `created_at`, `updated_at`, `st`) VALUES
(9, '9', '3779900104062', 'นางสาว', 'สุทธินี', 'ตรงชิต', 'a646991171ead3ed21147413e089c57c.jpg', NULL, 'A', 'เจ้าพนักงานศาลยุติธรรมชำนาญการพิเศษ', '', '09-0980-4895', 10, '2017-06-12 08:01:03', '2018-11-10 13:49:31', 3),
(12, '12', '3860200299155', 'นางสาว', 'ดลยา', 'เยาวหลี', '6338e23012b9b65c0836a0e0a978a950.jpg', NULL, 'A', 'เจ้าพนักงานศาลยุติธรรมชำนาญการ', '', '0895213842', 10, '2017-06-12 08:11:15', '2018-11-10 13:49:31', 8),
(13, '13', '3770700042944', 'นาย', 'เอกชวัทธน์ ', 'สาระเกตุ', 'ca0517232b57be6ab4ded30684190030.jpg', NULL, 'A', 'เจ้าพนักงานศาลยุติธรรมชำนาญการ', '', '0867526064', 10, '2017-06-12 08:11:46', '2018-11-10 13:49:31', 8),
(14, '14', '1739900030097', 'นางสาว', 'อภิญญา', 'ท้วมจุ้ย', '28bb4b90a9d7ae05d821145adbaaba32.jpg', NULL, 'A', 'นักจิตวิทยาปฏิบัติการ', '', '0848014396', 10, '2017-05-18 06:18:21', '2018-11-10 13:49:31', 9),
(15, '15', '3860100826536', 'นางสาว', 'วาสินี ', 'กมลกุล', 'c6c3aaa27c6d828083e8756754d3d19e.jpg', NULL, 'A', 'เจ้าพนักงานศาลยุติธรรมปฏิบัติการ', '', '0862699405', 10, '2017-06-12 08:12:44', '2018-11-10 13:49:31', 11),
(16, '16', '3809900198848', 'นางสาว', 'โชติกา', 'ดีดอนกลาย ', '1aeb57a03760322c886643f34bc558df.jpg', NULL, 'A', 'เจ้าหน้าที่ศาลยุติธรรมชำนาญงาน', '', '0868862701', 10, '2017-06-12 08:15:03', '2018-11-10 13:49:31', 13),
(18, '18', '3909900266419', 'นางสาว', 'พิมพ์พร ', 'สาตร์สาคร ', 'da69ae14a5dd358df3e72dff55fdf0e5.jpg', NULL, 'A', 'เจ้าหน้าที่ศาลยุติธรรมชำนาญงาน', '', '0926040588', 10, '2017-05-18 06:22:49', '2018-11-10 13:49:31', 15),
(19, '19', '5770100017457', 'นาง', 'วลัยพร ', 'สายทอง ', '658b5b6deb927f9debd0da9ed1cc9e89.jpg', NULL, 'A', 'เจ้าหน้าที่ศาลยุติธรรมชำนาญงาน', '183  หมู่บ้านหญ้าแก้ว  ตำบลประจวบฯ  อำเภอเมือง  จังหวัดประจวบคีรีขันธ์', '0868862701', 10, '2018-01-31 02:37:05', '2018-11-10 13:49:31', 13),
(20, '20', '3779900157913', 'นาง', 'นุจรีย์', 'สุขจินดา', '02832a8e70f87998dd3e6d7c2192fed7.jpg', '2017-10-10', 'B', 'เจ้าหน้าที่ศาลยุติธรรมชำนาญงาน', '173  ถนนเลียบทางรถไฟ-คลองวาฬ อำเภอเมือง จังหวัดประจวบคีรีขันธ์', '09-1010-0159', 10, '2018-01-31 02:38:08', '2018-11-10 13:49:31', 14),
(21, '21', '3770100008346', 'นางสาว', 'นงนุช ', 'ใจเสงี่ยม', 'c1d1619884de01b799700c2c0a648bfd.jpg', NULL, 'A', 'เจ้าหน้าที่ศาลยุติธรรมปฏิบัติงาน', '', '08-1011-3850', 10, '2018-01-31 02:40:10', '2018-11-10 13:49:31', 16),
(22, '22', '3779900035532', 'นาย', 'วิชาญ', 'วุฒิชาติวิจิตรกุล ', 'ea725a66e44012ed15c32d11df4784c6.jpg', NULL, 'A', 'พนักงานขับรถยนต์', '', '0844124141', 10, '2017-06-12 08:14:22', '2018-11-10 13:49:31', 19),
(23, '23', '3-7601-00601-15-2', 'นาย', 'พเยาว์', 'สนพลาย', 'ad4cf49b9a315243f9de153145d6b197.jpg', '1981-02-12', 'A', 'พนักงานคอมพิวเตอร์', '41 หมู่ 3 ต.นาพันสาม อ.เมือง จ.เพชรบุรี ', '08-3831-9929', 10, '2017-06-15 02:56:52', '2018-11-10 13:49:31', 19),
(24, '24', '3770100564028', 'นาย', 'ฐานัน ', 'อยู่หนุน', '2ebf9295e7a9865a3e4ca85e94276b24.jpg', NULL, 'A', 'พนักงานสถานที่', '', '0811370755', 10, '2017-05-18 06:24:14', '2018-11-10 13:49:31', 20),
(35, '35', '3770200243606', 'นางสาว', 'เนตรนภา ', 'เกิดเปี่ยม', 'f766627d1896adf8cfd7498f320bb38a.jpg', '1980-09-17', 'A', 'เจ้าพนักงานศาลยุติธรรมชำนาญการ', '711 ม.7 ต.กุยบุรี จ.ประจวบฯ ', '09-5364-9846', 10, '2017-11-22 04:48:58', '2018-11-10 13:49:31', 4),
(36, '36', '1869900059884', 'นางสาว', 'วิชชุดา ', 'ศุภวิมุติ', 'b6c14438687cf5236c9a5268baa8dcc9.jpg', '1986-10-30', 'O', 'เจ้าพนักงานการเงินและบัญชีปฏิบัติงาน', '2/1 หมู่ 4 ต.นาทุ่ง อ.เมือง จ.ชุมพร ', '0887687703', 10, '2017-06-12 06:30:27', '2018-11-10 13:49:31', 17),
(37, '37', '1-2408-00136-63-9', 'นางสาว', 'อรณี ', 'คะสุระ', '537fe94df5bc30bcb4e57413b0c13bde.jpg', '1994-01-01', 'O', 'นิติกร', '42 ซ.3 สุขสมบูรณ์ ถ.ดอนเหียง ต.ประจวบคีรีขันธ์ อ.ประจวบคีรีขันธ์ จ.ประจวบคีรีขันธ์ ,ที่อยู่ปัจจุบัน สำนักสงฆ์พุทธสิงขร หมู่ 6 บ้านด่านสิงขร ต.คลองวาฬ อ.เมือง จ.ประจวบคีรีขันธ์ 77000', '09-2534-6272', 10, '2017-08-03 04:24:59', '2018-11-10 13:49:31', 22),
(38, '38', '3451100016903', 'นาง', 'แววตา', 'พรมบุตร', 'd2713155a53eefdb996bac3c3c9dbc32.jpg', '1973-09-21', 'O', 'นิติกรชำนาญการ', '529/228 หมู่ 22 บ้านแก่นทองธานี ซ.12 ตำบลบ้านเป็ด อ.เมือง จ.ขอนแก่น 40000', '09-8260-7761', 10, '2018-01-09 03:10:58', '2018-11-10 13:49:31', 6),
(39, '39', '3409900634986', 'นางสาว', 'ฐิตาภา', 'เชื้อทอง', '2a68ce751ceed5ee6e71739e83539ca6.jpg', '1974-06-07', 'A', 'นิติกรชำนาญการ', '160/169 หมู่ 2 ถนน ชาตะผดุง ตำบล ในเมือง อำเภอเมือง จ.ขอนแก่น', '08-1380-7313', 10, '2017-11-30 02:40:03', '2018-11-10 13:49:31', 7),
(40, '40', '3-7701-00076-61-9', 'นางสาว', 'ดวงกมล', 'กลัดสมบูรณ์', '1112e3df928c996f9c85bed469fe52fb.jpg', '1968-12-07', 'A', 'เจ้าพนักงานศาลยุติธรรมชำนาญการ', '543/25 หมู่ 2 ถ.เพชรเกษม ต.เกาะหลัก อ.เมือง จ.ประจวบคีรีขันธ์', '08-1946-4369', 10, '2017-12-04 04:11:11', '2018-11-10 13:49:31', 2),
(41, '41', '1539900203252', 'นางสาว', 'พรพรรณ', 'น้อยขัน', 'bd0e63e2e7f4ab6a476d3898db20667a.jpg', NULL, NULL, 'นักวิชาการเงินและบัญชีปฏิบัติการ', '', '0890058211', 10, '2018-12-19 14:23:29', '2018-12-19 14:23:29', 5),
(42, '42', '3100100254334', 'นางสาว', 'สิริลักษณ์', 'จานุกิจ', '6771491982e40c12ba966f0ff1e78294.jpg', NULL, NULL, 'ผู้อำนวยการฯ', '', '0645859868', 10, '2019-01-22 13:35:34', '2019-01-22 13:35:34', NULL),
(43, '43', NULL, 'นางสาว', 'ศตพร', 'ชิตรัตฐา', 'cda89340dc24d058d0e75bd1a7754e3b.jpg', NULL, NULL, 'เจ้าหน้าที่ศาลยุติธรรม', '61/1 ม.9 ต.หาดพันไกร อ.เมือง จ.ชุมพร', '0917275926', 10, '2019-01-24 15:35:00', '2019-01-24 15:35:00', NULL),
(44, '44', '3801000248272', 'นาง', 'อาภาพร', 'จินา', '9d8a8a00f8c8bf6de94532c597401c61.jpg', NULL, NULL, 'เจ้าพนักงานศาลยุติธรรมชำนาญการพิเศษ', '', '0862787942', 10, NULL, NULL, NULL),
(45, '45', '1209700564891', 'นางสาว', 'ธนวรรณ', 'วัดวิไล', '9c49d11ebb94b88df0f533a521240cf1.jpg', NULL, NULL, 'นิติกร', '', '', 10, NULL, NULL, NULL),
(49, '49', '1100700990426', 'นาย', 'ศิรสิทธิ์', 'ศรีเสาวนันท์', '', NULL, NULL, 'นักจิตวิทยาปฏิบัติการ', '193/12 ม.1 ถ.บางกรวย-ไทรน้อย ต.บางรักพัฒนา อ.บางบัวทอง จ.นนทบุรี 11110', '0909789580', 10, NULL, NULL, NULL),
(1565684760, '1565684760', '', 'นาย', 'us', 'er', NULL, NULL, NULL, '', '', '', 0, NULL, '2019-08-19 11:41:30', NULL),
(1565791672, '1565791672', '', 'นาย', 'u', 'u', '04b80cd1b6909e3652b043d3cefded39.jpg', NULL, NULL, '', '', '', 0, NULL, '2019-08-19 11:40:35', NULL);

-- --------------------------------------------------------

--
-- Table structure for table `sign_boss_name`
--

CREATE TABLE `sign_boss_name` (
  `id` int(11) NOT NULL,
  `name` varchar(255) COLLATE utf8_unicode_ci NOT NULL,
  `dep1` varchar(255) COLLATE utf8_unicode_ci DEFAULT NULL,
  `dep2` varchar(255) COLLATE utf8_unicode_ci DEFAULT NULL,
  `dep3` varchar(255) COLLATE utf8_unicode_ci DEFAULT NULL,
  `status` smallint(6) NOT NULL DEFAULT '1',
  `date_create` varchar(255) COLLATE utf8_unicode_ci DEFAULT NULL
) ENGINE=InnoDB DEFAULT CHARSET=utf8 COLLATE=utf8_unicode_ci;

--
-- Dumping data for table `sign_boss_name`
--

INSERT INTO `sign_boss_name` (`id`, `name`, `dep1`, `dep2`, `dep3`, `status`, `date_create`) VALUES
(1, 'นางรัชดาวดี กาญจนขจิต', 'ผู้พิพากษาหัวหน้าศาลเยาวชนและครอบครัว', 'จังหวัดประจวบคีรีขันธ์', '', 1, '2019-04-25 16:05:10'),
(2, 'นางสาวสิริลักษณ์ จานุกิจ', 'ผู้อำนวยการสำนักงานประจำศาลเยาวชนและครอบครัว', 'จังหวัดประจวบคีรีขันธ์', '', 1, '2019-04-25 16:07:12'),
(3, 'นายเมธี วรรณวีระ', 'ผู้พิพากษาหัวหน้าคณะชั้นต้นในศาลฯ', 'ทำการแทน ผู้พิพากษาหัวหน้าศาลเยาวชนและครอบครัว', 'จังหวัดประจวบคีรีขันธ์', 1, '2019-08-10 23:02:03'),
(4, 'นางสาวสุทธินี ตรงชิต', 'เจ้าพนักงานศาลยุติธรรมชำนาญการพิเศษ', 'รักษาราชการแทน ผู้อำนวยการสำนักงานประจำศาลเยาวชน', 'และครอบครัวจังหวัดประจวบคีรีขันธ์', 1, '2019-08-10 23:01:52'),
(5, 'นางอาภาพร จินา', 'เจ้าพนักงานศาลยุติธรรมชำนาญการพิเศษ', 'รักษาราชการแทน ผู้อำนวยการสำนักงานประจำศาลเยาวชน', 'และครอบครัวจังหวัดประจวบคีรีขันธ์', 1, '2019-07-31 13:29:45'),
(6, 'นายจิรวัฒน์ จันทร์สงแก้ว', 'ผู้พิพากษาศาลเยาวชนและครอบครัว', 'ทำการแทน ผู้พิพากษาหัวหน้าศาลเยาวชนและครอบครัว', 'จังหวัดประจวบคีรีขันธ์', 1, '2019-07-31 13:31:22');

-- --------------------------------------------------------

--
-- Table structure for table `user`
--

CREATE TABLE `user` (
  `id` int(11) NOT NULL,
  `username` varchar(255) COLLATE utf8_unicode_ci NOT NULL,
  `auth_key` varchar(32) COLLATE utf8_unicode_ci DEFAULT NULL,
  `password_hash` varchar(255) COLLATE utf8_unicode_ci NOT NULL,
  `password_reset_token` varchar(255) COLLATE utf8_unicode_ci DEFAULT NULL,
  `email` varchar(255) COLLATE utf8_unicode_ci DEFAULT NULL,
  `role` smallint(6) NOT NULL DEFAULT '1',
  `status` smallint(6) NOT NULL DEFAULT '10',
  `created_at` datetime DEFAULT NULL,
  `updated_at` datetime DEFAULT NULL
) ENGINE=InnoDB DEFAULT CHARSET=utf8 COLLATE=utf8_unicode_ci;

--
-- Dumping data for table `user`
--

INSERT INTO `user` (`id`, `username`, `auth_key`, `password_hash`, `password_reset_token`, `email`, `role`, `status`, `created_at`, `updated_at`) VALUES
(9, 'boom', 'x44Q-Hm3bXo2WxHl2qMBe1NDmbPU6Fn3', '$2y$13$D/KmYOo0wE/TUTugOU3/R.ImmdU2mJWAx9tgYgfpli4/u4LUFENku', '1', 'sutthinee2523@hotmail.com', 1, 10, NULL, '0000-00-00 00:00:00'),
(12, '4565', '48JMqpoYsGXe0Fv3_blAwrROX1pQVnlG', '$2y$13$3IobWJTpkUfbYiyBsmr5Wut8A/x8kc3RM5m1ZMsrrsMWyYQGLkryW', '2', 'donlaya.y@coj.go.th', 1, 10, NULL, '0000-00-00 00:00:00'),
(13, '5971', 'RZI3Bo5mKGJNrnESu87ljwSNHDWMnuwJ', '$2y$13$NmWazAcGEYx5LLclTVWLmO1sDKEBEarMCdojdICRzJNYSCPvrnLzy', '3', 'roopoopoop@gmail.com', 1, 10, NULL, '0000-00-00 00:00:00'),
(14, 'b48080626', 'x2JTP3iWHBd4_Xsh2Fg1KYA22_IL5IVp', '$2y$13$lKU2SWznigLYyxVAFV9pguJwcXbgUux1ZFDOb0VnbU.v.w5uzs.te', '4', 't.apinya@hotmail.com', 1, 10, NULL, '0000-00-00 00:00:00'),
(15, '10015', 'm5LDWGeBUNa9QzUtLNmNim6wK_6nr3Pt', '$2y$13$6tR4figfNJPBanqz/jQ7..HUvZEgL022ulHW6gtSKwWhqPACddGzC', '5', 'wasiee2522.k@gmail.com', 1, 10, NULL, '0000-00-00 00:00:00'),
(16, 'id1817', 'LG1b7thpFM8AQGAnP6XSQHx24tG5JAts', '$2y$13$Ne/g.lNnrMNSpkD/19Dx9ugTy.Sq/uoBmy/lacUQcHO2PcVL8e0Ya', '6', 'chotikar.d@gmail.com', 1, 10, NULL, '0000-00-00 00:00:00'),
(18, '10020', '1WFkt1tzmcUFFOi8yVMarD0vKsRJw6kE', '$2y$13$A1X/Qtn35MyQEbgq5pJyiucgST.lhdIPW.x/hYddry9t9KJkZRzgi', '7', 'si.toom@gmail.com', 1, 10, NULL, '0000-00-00 00:00:00'),
(19, 'id08', '2jIzMJZ6fv1ACe18KT9jYgDhqVeB-fkD', '$2y$13$c3P0telPZE4gqjm7a3cNeO7cf08Ne.w6Tc.Pu.M4PRtFpw5yaRAyi', '8', 'fhon66@hotmail.com', 1, 10, NULL, '0000-00-00 00:00:00'),
(20, 'kung7', 'c6EbBdKccIHEiDvbkEJnRgoXt8GB2qPW', '$2y$13$k.BQPsSh1RJ9J8mx8e8qeulz9SQ1H4gg.zR3egtn2De.CbhRNBDmK', '9', 'prosper9929@gmail.com', 1, 10, NULL, '0000-00-00 00:00:00'),
(21, '1122', 'P_3GxGt7QwBgF1KKjW6YNr2b_LBPedTg', '$2y$13$7WaaOqH6RSVIQjEw5FJnGOPf0fS5uV0UZl8cQbyqLj2wBEm2d2ycq', '10', 'nongnuch.j@coj.go.th', 1, 10, NULL, '0000-00-00 00:00:00'),
(22, '500', 'qApleICEH1NIIhgY4a5xcSYsyhSWDYkK', '$2y$13$n/lL83anhSs86cbl4ziRoeGCBFcZHqzVtdfDFpZEaiEdBolS3OVba', '11', 'eagleray38@gmail.com', 1, 10, NULL, '0000-00-00 00:00:00'),
(23, '9929', 'eo7pTV5Iv04eOMqJwUi__vceB8Mbt1NJ', '$2y$13$zR0VJEgM7O/4n0xt5kDZFuvD7bltXYoMlkyQz24oWWdU/JcGL6M6W', '12', 'phayao.s@coj.go.th', 9, 10, NULL, '0000-00-00 00:00:00'),
(24, 'id2323', 'vaTRyUB1QZ7YUssfnJj-3Xfg9R1Am9lC', '$2y$13$7qXxumHLHZKF39XqNO/XtOJwBjfW8OSICTwIFHx6iqKLiBAin6KB2', '13', '2323@pkkjc.org', 1, 10, NULL, '0000-00-00 00:00:00'),
(35, 'nate', 'VIhUFhMuHuT259IEJboigwLn63Br3CKr', '$2y$13$Yo.5GK/5yCBlejbVvXdA2euJ4UsmlUYR9oBww00dXdNguRixrbYOe', '19', 'natenapa171980@gmail.com', 1, 10, NULL, '0000-00-00 00:00:00'),
(36, 'kaew', 'm9YhFxT6xS8giorwD8iORKPNlE07zf_b', '$2y$13$nRs6w6ltK2lQt9NLGMlXru7D5pR/rWc5ZhAhuCU.TvbLa4uaxsWjO', '20', 'korkaew2529@gmail.com', 1, 10, NULL, '0000-00-00 00:00:00'),
(37, 'jane', 'vHORjcDJr84WD60P9Lp8C-VoM0fup8Vc', '$2y$13$JSv46P0pTVS11g0y3pnSxufhtsWqz7pYBI0I3zBkFebCont1Mn4Oy', '121', '123orranee@gmail.com', 1, 10, NULL, '0000-00-00 00:00:00'),
(38, 'waww', 'qCpOFTuPFdbF1IT8F7Fzf3YUcyAGDu46', '$2y$13$PQExiZQOv.vKLIIyqrXWtO0LWz8txXr2hmgCsYvnAYWLufkLbzxTm', '22', 'weawtaphum@gmail.com', 1, 10, NULL, '0000-00-00 00:00:00'),
(39, 'oui', 'We6N4xsyoTCtoivxejDir_Bjyz49xYhq', '$2y$13$ivnolcyY1MNHn6i9JOMhnuUzQALFtpUu2m1l5GBeq8aX1wQMNSWBS', '23', 'oui.251761@gmail.com', 1, 10, NULL, '0000-00-00 00:00:00'),
(40, 'tuk', 'iYpLCflNPBT6Dxsqf8pfw4ZZO4CuzoIM', '$2y$13$2QIn5PtVQH8DmLgP0yVUNOsH8tHVj1RzTpwoj82sqCV510Xjo14Gu', '24', 'tuk3057@gmail.com', 1, 10, NULL, '0000-00-00 00:00:00'),
(41, 'ponphan1831', '', '$2y$13$G.o2Y9I9V3DPed4AIPp/Nu0KpzqUGcTw8GX27obzWTAZY9Ir.x4Ly', '25', 'ponphan68@gmail.com', 9, 10, NULL, '0000-00-00 00:00:00'),
(42, '8', '', '$2y$13$13VjD4L4PSZGQqnA/Hen4u7AVuGSKbspPV0MCui5Fh.lJKnjW6pa.', '26', NULL, 1, 10, '0000-00-00 00:00:00', '0000-00-00 00:00:00'),
(43, 'sataporn', '', '$2y$13$n7XSW4vrikxLYUt7EdpqOOLoIhfzJpSckwQ5cW8V3.txRai1SE3KK', '27', 'mon_pricemoc@hotmail.com', 1, 10, '0000-00-00 00:00:00', '0000-00-00 00:00:00'),
(44, 'arpaporn', '', '$2y$13$WrTPTnlABDkL.C8AeIicb.X1NeOZzV6hI9XgnR3ojI6AUmbqOpn52', '28', NULL, 1, 10, '0000-00-00 00:00:00', '0000-00-00 00:00:00'),
(45, 'nayy', '', '$2y$13$8qaWxlUM5okZbKimA7tea.1IswcR1ECpfKl7J4iqdZq2a3tGD5p1y', '29', '', 1, 10, '0000-00-00 00:00:00', '0000-00-00 00:00:00'),
(49, 'prizekumu', '', '$2y$13$LDy6EI6B0M8SAIdF/5i.ceWqVrmiLJl9mJ1T7g5rna6b15.dpURP6', '-sNX9H_YxX7LJQnahYSjVEa-lkzW7mCm_1561367130', 'animalprize@gmail.com', 1, 10, '0000-00-00 00:00:00', '0000-00-00 00:00:00'),
(1565684760, 'u1', 'dTybVW9bkfZMFwpa2tdyTsl3zuwjWtr0', '$2y$13$9kGhudNJy/5QPrkbqTtK/upNcrVwtrEcNYHryFL.PLN8TUsgMHFI2', '3Gwh4XzvWLzAW06qeapfVLAF5BnV3uCJ_1565684761', '', 1, 0, '0000-00-00 00:00:00', '0000-00-00 00:00:00'),
(1565791672, 'u', '_XAT-9PQwocCpHOd0Mvqse1tMCy5hPw8', '$2y$13$iZk0KxE4a4s8GRlrSjiaXefszrJ/iixVm0fPSqxMO/PJDP87Px7k.', '_0LgQ6zru0lHDxv7v4b0Nv8TAn4DY7l__1565791672', '', 1, 0, '0000-00-00 00:00:00', '0000-00-00 00:00:00');

-- --------------------------------------------------------

--
-- Table structure for table `web_link`
--

CREATE TABLE `web_link` (
  `id` int(11) NOT NULL,
  `name` varchar(255) COLLATE utf8_unicode_ci NOT NULL,
  `link` varchar(255) COLLATE utf8_unicode_ci DEFAULT NULL,
  `img` varchar(255) COLLATE utf8_unicode_ci DEFAULT NULL,
  `create_at` datetime DEFAULT NULL,
  `update_at` datetime DEFAULT NULL
) ENGINE=InnoDB DEFAULT CHARSET=utf8 COLLATE=utf8_unicode_ci;

--
-- Dumping data for table `web_link`
--

INSERT INTO `web_link` (`id`, `name`, `link`, `img`, `create_at`, `update_at`) VALUES
(1, 'Network Studio --', 'http://cbooking.coj.intra/', '39b0ccc77a60bab868d70f61531d6e72.jpg', '2019-01-24 09:24:17', '2019-02-26 19:34:33'),
(2, 'COJ Single Sign On (SSO)', 'http://sso.coj.intra/', 'bbdd78eef19fdcba94298df28ff7c248.jpg', '2019-01-24 09:25:55', '2019-02-22 10:42:33'),
(3, 'ระบบบริการข้อมูลคดีศาลยุติธรรม - Case Information Online Service (CIOS)', 'http://cios.coj.intra/', '0418d82fe2dbb8b1875fe76b6cf6c2d7.jpg', '2019-01-24 09:26:39', '2019-02-22 10:43:00'),
(4, 'ระบบการจัดการงานล่ามศาลยุติธรรม (Court Interpreter Service and Management System : CISMS)', 'http://cisms.coj.intra/index.php', '716e9f8dbbb59d4f4c45557ac4d53078.jpg', '2019-01-24 09:27:16', '2019-02-22 10:48:24'),
(5, 'โปรแกรมระบบจัดเก็บข้อมูลสถิติคดี ของศาลยุติธรรม ระยะที่ 2', 'http://10.1.2.9/court_stat_program/', '3d3938d99fccc4ce1679af86c4935532.jpg', '2019-01-28 11:39:36', '2019-02-22 10:47:32'),
(6, 'ระบบการส่งเอกสารและการประกาศนัดไต่สวนโดยวิธีการลงโฆษณาทางสื่อเทคโนโลยีสารสนเทศ e-notice ', 'https://enotice.coj.go.th/login', '4d7f52b2665abe5e99e018f6f98c9771.jpg', '2019-01-28 15:02:30', '2019-02-22 10:47:58'),
(7, 'ที่ปรึกษากฎหมาย ศาลเยาวชนฯกลาง', 'http://10.25.0.115/lcon/', 'd533fa6ff0a1832a46164dcf71402b22.jpg', '2019-01-29 08:53:04', '2019-02-22 10:19:06'),
(8, 'ระบบสืบค้นคำพิพากษาชั้นต้น', 'https://decision.coj.go.th/admin', '5937775d969f086eade58217719c0f71.jpg', '2019-01-29 13:57:04', '2019-02-28 14:27:00'),
(9, 'ระบบการจัดเก็บและให้บริการคัดสำเนาคำพิพากษาระหว่างศาล DSS-Decision System ', 'http://dss.coj.intra/', '8444c083d7d6f6477aaf6763e316dfd4.jpg', '2019-01-30 09:58:35', '2019-02-22 13:44:26'),
(10, 'สมุดโทรศัพท์ศาลยุติธรรม E-Phonebook', 'https://phonebook.coj.go.th', 'ff4119231e7631a10719b6fb8125070e.jpg', '2019-02-04 09:11:38', '2019-02-22 10:14:34'),
(11, 'ระบบตรวจสอบรายชื่อผู้กระทำผิดในงานคุมประพฤติ (คดีสอดส่อง) กรมคุมประพฤติ', 'http://203.113.100.106/dopcheck/index.php', '372604ce9f3969cabc212f0d22e355c6.jpg', '2019-02-04 10:29:56', '2019-02-22 10:13:14'),
(12, 'ระบบสารสนเทศสำนักงานศาลยุติธรรมข้าราชการตุลาการและดะโต๊ะยุติธรรม', 'http://esv-ojc.coj.go.th/index.php', '740552c3866b2f138a077e5508435611.jpg', '2019-02-06 09:05:53', '2019-02-22 10:11:55'),
(13, 'การแจ้งการอ่านคำพิพากษาศาลฎีกาทางอิเล็กทรอนิกส์', 'http://read.supremecourt.or.th/index.php', '8055bd73c87ad9c9b4928ac2fc5376b5.jpg', '2019-02-06 10:15:31', '2019-02-22 10:09:32'),
(14, 'ระบบบริหารจัดการเนื้อหาเว็บไซต์ (CMS 4.0) เก่า', 'http://cms.coj.intra/gadmin', 'c4be9b47307415ceced9f18415ea150b.jpg', '2019-02-07 11:09:17', '2019-02-22 10:05:04'),
(15, 'ระบบจัดการเนื้อหาเว็บไซต์ (CMS) ใหม่', 'http://pkkjc.coj.go.th/admin/auth/login', '4fe99d410032fc3bfde136b3050f281a.jpg', '2019-02-07 11:17:49', '2019-02-22 10:04:54'),
(16, 'ระบบส่งข้อมูล คพ.', 'http://jws.coj.intra/compensation/login.php', '158b91a92b24d5c87f3fcc16518244b4.jpg', '2019-02-21 14:19:09', '2019-02-22 10:06:29'),
(18, 'E-Mail (อีเมล์)', 'https://accounts.mail.go.th/', 'ef992e7765e1c48a22d93b4d1e96d16a.jpg', '2019-02-25 09:31:04', '2019-03-11 10:59:46'),
(19, 'ระบบคำนวณอัตราค่าขึ้นศาล', 'https://fees.coj.go.th/', '64df6f2a0373b58ce14a4efeea8d4669.png', '2019-02-26 16:32:23', '2019-02-28 14:57:59'),
(20, 'COJ Video ตารางถ่ายทอด สัญญาณ ภาพเสียง Streamingชมเทปบันทึกภาพย้อนหลัง', 'http://video.coj.go.th/', 'f41daa2e1a18a90062e0c3d8f544c294.jpg', '2019-02-26 18:46:54', '2019-02-28 14:58:57'),
(21, 'ระบบค้นหาเขตอำนาจศาล.', 'https://pubdata.coj.go.th/jurisdiction/', 'dd2cd809bf608626ed8472bf66168b6c.jpg', '2019-02-26 18:47:21', '2019-02-28 15:03:57'),
(22, 'ระบบค้นหาอัตราค่า นำหมาย', 'http://exp.coj.go.th/sentnotice/', '93470837c27fa39e2a866a092fa01906.jpg', '2019-02-26 18:47:53', '2019-04-18 11:28:27'),
(23, 'แอปพลิเคชันสโตร์ ศาลยุติธรรม - App Store COJ', 'https://appstore.coj.go.th/', '39afae1c6ce2bcd3c64a45fce9c9f7a1.jpg', '2019-02-26 18:48:29', '2019-04-18 11:29:50'),
(24, 'โปรแกรมสำรวจข้อมูลอาคารที่ทำการศาลและบ้านพัก', 'http://jws.coj.intra/bds/views/frm_login.php', '84a5629c0fdcfaf8fe771059d0c5c5f9.jpg', '2019-02-26 18:49:06', '2019-02-28 15:05:42'),
(25, 'โปรแกรมรายงานผลการใช้จ่ายเงินสำนักงานศาลยุติธรร', 'http://jws.coj.intra/fris/', '0ce15f5be5b5c3665d8b6bf7a3f94a65.jpg', '2019-02-26 18:49:24', '2019-02-28 15:12:40'),
(26, 'โปรแกรมพิมพ์หนังสือรับรองการหักภาษี ณ ที่จ่าย', 'http://apps.coj.go.th/tax50/login.php', 'dd3ab04cd6b2c8fe48adcd71b8a9bfd7.jpg', '2019-02-26 18:49:43', '2019-04-18 11:27:41'),
(28, 'รายงานและติดตามผลการดำเนินงานตามนโยบายประธานศาลฎีกา', 'http://policy.coj.intra/', '800658fe98a10e3ff4a0f19ec523e6df.jpg', '2019-02-26 18:50:22', '2019-04-18 11:20:06'),
(29, 'ระบบรายงานการสืบหาหลักทรัพย์และการผ่อนชำระหนี้ของลูกหนี้ตามคำพิพากษา', 'http://jws.coj.intra/aiq/views/login.php', 'cc511f079a54a00344cbedb112562017.jpg', '2019-02-26 18:51:10', '2019-04-18 11:28:55'),
(30, 'ระบบขอย้ายข้าราชการศาลยุติธรรม', 'https://intranet.coj.go.th/relocation/', '99bc224b566df8c468a05e93787bac0d.jpg', '2019-02-26 18:51:29', '2019-04-18 11:25:43'),
(31, 'ระบบค้นหาทะเบียนนิติบุคคล', 'http://jws.coj.intra/cojws/', 'fa98b995c4427f90b5fd7b30ac84118c.jpg', '2019-02-26 18:51:45', '2019-04-18 11:25:00'),
(32, 'ระบบรับส่งเอกสารศาลฎีกา', 'http://senddoc.supremecourt.or.th', '5f5259d60d408d4e35fa86cfffe9797d.jpg', '2019-02-26 18:53:45', '2019-04-18 11:24:31'),
(33, 'การใช้ประโยชน์ข้อมูลทะเบียนราษฎร', 'http://10.100.76.4/ami/authen/authen_start.php', 'b31da5b073be30e56fb72a81f6f98206.jpg', '2019-02-26 18:54:11', '2019-03-11 14:43:58'),
(34, 'ระบบพิมพ์สลิปเงินเดือนข้าราชการตุลาการศาลยุติธรรม', 'http://www.psis.e-service.coj.go.th', '1fe8ab89687583bd5cc85d1986877ac4.jpg', '2019-02-26 18:54:28', '2019-04-03 14:29:28'),
(35, 'ระบบฐานข้อมูลกลาง', 'http://10.100.76.4/itdb/index.php/authentication', '9eb66664ab917ea6c547dcec5b3fe1f0.jpg', '2019-02-26 18:54:41', '2019-04-18 11:23:43'),
(36, 'ระบบรายงานสถิติการใช้งานระบบสื่อสารทางไกลผ่านจอภาพ', 'http://10.100.76.4/vcs/', 'b56fed33ef779b14d440127b6236fd3e.jpg', '2019-02-26 18:54:59', '2019-03-11 14:43:17'),
(37, 'โปรแกรมตรวจสอบนายประกันผิดสัญญา', 'http://jws.coj.intra/insurance/views/login.php', '8d21e8d911028e649cab370590d59a8c.jpg', '2019-02-26 18:55:13', '2019-02-28 14:57:15'),
(38, 'เข้าใช้งานระบบ ต่างๆ ของสำนักงานศาล', 'https://it.coj.go.th/Authen/', '0b0150da846030837d2240c8cca2a5db.jpg', '2019-02-26 18:55:33', '2019-03-11 14:42:38'),
(39, 'โปรแกรมระบบสารสนเทศทรัพยากรบุคคล (DPIS)', 'http://10.1.2.101:8080/', '2f8fa9e4d45dfd22160c5c3a62e5479d.jpg', '2019-02-26 18:55:47', '2019-03-11 14:41:48'),
(40, 'ระบบแจ้งการอ่านศาลฎีกา', 'http://read.supremecourt.or.th/', '1cdc742352a0acccd144c0cb88264f81.jpg', '2019-02-26 18:56:28', '2019-03-11 14:39:43'),
(41, 'บันทึกข้อมูลเพื่อการตรวจราชการ ประจำปีงบประมาณ', 'http://iss.coj.intra/iss/views/frm_home.php', '333478e7be168fbda28f08dba7fc915b.jpg', '2019-02-26 18:56:47', '2019-04-18 11:23:10'),
(42, 'ระบบสารบรรณอิเล็กทรอนิกส์ ระยะ 2', 'http://e-office.coj.intra/ESB/', '5c31ba2c7340ac856fc46528eaf251d9.jpg', '2019-02-26 18:57:03', '2019-06-28 14:48:34'),
(43, 'อบรมและซักซ้อมความเข้าใจในการใช้งานระบบให้บริการข้อมูลคดีศาลยุติธรรม (CIOS) ระยะที่ 2 [2562]', 'http://cios.coj.intra/survey/', '', '2019-02-27 09:18:19', '2019-02-27 09:18:19'),
(44, 'โปรแกรมระบบงานฐานข้อมูลหมายจับ(AWIS)', 'http://sso.coj.intra/', 'f80cc7a2f8a21cca7450702f7edfb9d3.jpg', '2019-02-27 09:33:53', '2019-02-27 09:38:33'),
(45, 'Disk Error', 'https://www.partitionwizard.com/partitionmagic/disk-read-error.html', '', '2019-02-27 09:40:27', '2019-02-27 09:40:27'),
(46, 'ระบบติดตามสำนวนคดี Tracking System', 'https://cios.coj.go.th/tracking/index.php?page=form&host=pkkjc', '9f2e45da07c0a8283ea951951a7b1349.jpg', '2019-02-27 16:28:09', '2019-07-24 14:04:52'),
(47, 'ระบบบริหารจัดการลูกจ้างชั่วคราวและพนักงานราชการ Employee Management System', 'http://ems.coj.go.th/ems/index.php', 'ed2e9867dd002b0adb46ce5b818af61d.jpg', '2019-02-28 10:16:25', '2019-02-28 14:55:48'),
(48, 'ระบบรายงานคดีของศาลในภาค 7 (คดีค้าง)', 'http://10.37.0.1/intranet/clogin.php', 'a43c94ee4a497e389df743bdefaec95d.jpg', '2019-03-01 12:06:02', '2019-03-18 16:36:57'),
(49, 'intranet.coj.go.th', 'https://intranet.coj.go.th/', '726872bd4eacdea29ad8bc874da4dfc1.jpg', '2019-03-06 11:17:26', '2019-03-11 14:36:57'),
(50, 'GIN Conference สถานพินิจ ศูนย์ฝึก', 'https://www.ginconference.com/', '5f37e17b2105bf8df74e1fc75a8b5f2f.jpg', '2019-03-11 14:10:09', '2019-03-18 16:36:28'),
(51, 'ระยะทาง กรมทางหลวง (เบิกค่าเดินทาง)', 'http://dohgis.doh.go.th/dohtotravel/', '679275a7dd36016fbfe34ae3bb0d25ef.jpg', '2019-03-18 09:15:28', '2019-03-18 16:35:51'),
(52, 'สื่อศาล facebook', 'https://www.facebook.com/pr.coj/', '75315b082cd0087649b2fefc855a7729.jpg', '2019-03-20 13:22:05', '2019-03-20 13:22:31'),
(53, 'โปรแกรมการติดตามและรายงานผลหมายข้ามเขตทางอิเล็กทรอนิกส์', 'http://summons.coj.intra', '3feacd92238ab212f35d8f533f4525e6.jpg', '2019-03-21 12:46:21', '2019-03-21 12:46:21'),
(54, 'โปรแกรมบัญชีสำนักงานศาลยุติธรรม v.3', 'https://ac.coj.go.th/', '104408561949b3f14fb8100f71075f0a.jpg', '2019-04-01 13:46:20', '2019-04-18 09:32:24'),
(55, 'โปรแกรมทะเบียนทรัพย์สิน', 'https://assetws.coj.go.th/assetCoj/', 'df5c36224e4b9d91861398384a928c51.jpg', '2019-04-03 14:26:38', '2019-04-18 11:22:34'),
(56, 'ระบบสืบค้นข้อมูลคดีล้มละลายโดยระบบอิเล็กทรอนิคส์', 'http://www.cbc.e-service.coj.go.th/service', '3c74b28de0cd518dc0efb219c18c1ef8.jpg', '2019-04-03 14:27:00', '2019-04-18 11:22:03'),
(57, 'ตรวจสอบบุลคลล้มละลาย กรมบังคับคี', 'http://ledwebsite.led.go.th/ledweb/led/web/system/WEB1I010Action.do', '497478f0c949f7ec9bbf2dc2224c699a.jpg', '2019-04-03 14:27:19', '2019-04-18 11:21:20'),
(59, 'คำนวณระยะทาง GIS', 'http://gisweb.doh.go.th/doh/download/', '60f507123eb12118eb5927c96902444d.jpg', '2019-04-03 14:28:26', '2019-04-18 11:17:33'),
(61, 'โปรแกรมข้อมูลเงินฝาก', 'http://bookbank.coj.intra/login.php', '18f249caf387ee5df649c797eda135d2.jpg', '2019-04-05 10:47:16', '2019-04-18 11:16:58'),
(62, 'โปรแกรมบริหารจัดการฐานข้อมูลกลางคอมพิวเตอร์ ', 'http://10.100.76.4/itdb/index.php/', '2b8fb4aab9c24a438c68cd91d8654cb6.jpg', '2019-04-05 10:49:23', '2019-04-18 11:16:22'),
(63, 'ระบบรายงานสถิติ 7 วันอันตราย 2562', 'https://report.coj.go.th/', '5f5a8ef127c2c35e956d5888ba2b2cb9.jpg', '2019-04-10 15:18:44', '2019-04-18 11:15:44'),
(64, 'ระบบรายงานผลการให้บริการ ข้อมูลข่าวสารของหน่วยงานในสังกัด สำนักงานศาลยุติธรรม', 'http://cicsystem.coj.intra/infocenter/loginform.php', '4187a074b601ef84bea8528297a61017.jpg', '2019-04-23 10:30:26', '2019-04-23 10:30:26'),
(65, 'หนังสือเวียนสำนักงานศาลยุติธรรม', 'http://e-office.coj.intra/Circular', 'ee4d33f8a72098c7995fae5ac26eeea7.jpg', '2019-04-30 15:42:00', '2019-04-30 15:43:09'),
(66, 'แบบรายงานสถิติประจำเดือน ศูนย์รักษาความปลอดภัย www.ojso.coj.co.th', 'http://10.1.41.5/ojso/login.php', '039b8a4d53bdbd151eec7488f4d66c18.jpg', '2019-05-07 16:04:56', '2019-05-07 16:05:33'),
(67, 'ระบบฐานข้อมูลการประเมินผล การปฏิบัติราชการของศาลยุติธรรม (มิติ)', 'https://asm.coj.go.th/', '7235da9716d79c4e7e915271945b0e3f.jpg', '2019-05-22 11:27:38', '2019-05-22 13:17:51'),
(1561022564, 'การสมัครใช้งานระบบจดหมายอิเล็กทรอนิกส์ (e-Mail) สำนักงานศาลยุติธรรม (name@coj.go.th)', 'https://intranet.coj.go.th/email/', '7b574158255e75e007a664d6c144b869.jpg', '2019-06-20 16:22:44', '2019-06-20 16:22:44'),
(1561605936, 'gfmis online', 'https://webonlineinter.gfmis.go.th/', '6163cfd0eff3d60cc7b927aa17fee566.jpg', '2019-06-27 10:25:36', '2019-06-28 09:57:32'),
(1562130135, 'การรายงานผลตามแนวทางบริหารจัดการลดใช้กระดาษในหน่วยงาน', 'https://docs.google.com/forms/d/e/1FAIpQLSfEE8H64ongfP0579Bwoiyyn_y6c30PoUmDagYkAhn-B6na4Q/viewform', 'f25a3517a9238765132b2f8b0cd59dda.jpg', '2019-07-03 12:02:15', '2019-07-03 12:02:15'),
(1562552234, 'สมัครที่ปรึกษากฎหมาย จดแจ้ง', 'http://10.25.0.115/lcon/index.php', '08cef975523ddafa4b8a7707dea077c7.jpg', '2019-07-08 09:17:14', '2019-07-08 09:17:14'),
(1562658983, 'การพัฒนาทักษะด้านดิจิทัลของข้าราชการ ด้วยเครื่องมือประเมิน', 'https://www.ocsc.go.th/DLProject/dev-skill-dlp', 'e0eecebc4fbdf2ae9ac3f7f88c7d6abd.png', '2019-07-09 14:56:23', '2019-07-09 15:00:09'),
(1563166948, 'สถาบันพัฒนาข้าราชการฝ่ายตุลาการศาลยุติธรรม  e-learning ', 'http://elearning.coj.intra/', '7f13144254d12de00f1eb708909f4051.jpg', '2019-07-15 12:02:28', '2019-07-24 11:40:30'),
(1563521158, 'การรายงานแผนพัฒนารายบุคคล IDP รอบ 25 สิงหาคม 2562', 'https://goo.gl/forms/SxeCv9etO7IL7ApI3', '', '2019-07-19 14:25:58', '2019-07-19 14:25:58'),
(1563869824, 'Streaming Coj', 'http://live.coj.intra', 'f2628172fa2dfc286fa6a1639ec750b3.png', '2019-07-23 15:17:04', '2019-08-14 13:49:27');

-- --------------------------------------------------------

--
-- Table structure for table `web_link_file`
--

CREATE TABLE `web_link_file` (
  `id` int(11) NOT NULL,
  `web_link_id` int(11) NOT NULL,
  `name` varchar(255) COLLATE utf8_unicode_ci DEFAULT NULL,
  `url` varchar(255) COLLATE utf8_unicode_ci DEFAULT NULL,
  `type` varchar(255) COLLATE utf8_unicode_ci DEFAULT NULL,
  `file` varchar(255) COLLATE utf8_unicode_ci DEFAULT NULL,
  `sort` int(11) DEFAULT NULL
) ENGINE=InnoDB DEFAULT CHARSET=utf8 COLLATE=utf8_unicode_ci;

--
-- Dumping data for table `web_link_file`
--

INSERT INTO `web_link_file` (`id`, `web_link_id`, `name`, `url`, `type`, `file`, `sort`) VALUES
(7, 1561022564, 'ภาพขั้นตอนการสมัคร', NULL, 'jpg', '5855bad6ac366773b9549cf519e67580.jpg', 1),
(8, 1561022564, 'ที่ ศย 013/ว 531 ลว 31 พ.ค.62 เรื่องการปรับกระบวนการสมัครใช้งานระบบจดหมายอิเล็กทรอนิกส์(e-mail) + คู่มือ', NULL, 'pdf', 'e5a5f2c94c85157b6c7898db0190ac91.pdf', 1),
(10, 42, 'หนังสือ + คู่มือ', NULL, 'pdf', '71d7006871b403be015bbd79c4f1a44a.pdf', 1),
(11, 42, 'คู่มือAdmin', NULL, 'pdf', '3194673748ac2fa058a684c23216f801.pdf', 1),
(12, 42, 'คู่มือผู้ใช้', NULL, 'pdf', '6c8def728834bd8b91e16033932e6e46.pdf', 1),
(13, 42, 'ถาม-ตอบ ระบบสารบรรณอิเล็กทรอนิกส์ ระยะที่ 2', NULL, 'pdf', '9fc5cdb8c74cd9da85aadd2ab52bd186.pdf', 1),
(14, 42, 'S__61095938', NULL, 'jpg', '4b7600c319b0ccfdad24137b3c13360f.jpg', 1),
(15, 42, '179392', NULL, 'jpg', 'b83fc12191eadf0bd879d479dc6f26f2.jpg', 1),
(16, 42, 'ถามตอบ1', NULL, 'jpg', '5c5a25c9e6c8175694e17eabb137e2ee.jpg', 1),
(17, 42, 'ภามตอบ2', NULL, 'jpg', '5ce693db7e88cc96187b56e0e673d6f8.jpg', 1),
(18, 42, 'หนังสือเวียน เลขซ้ำ', NULL, 'jpg', 'fece3b0fd977266211bcf2b9dfebdfd5.jpg', 1),
(19, 54, 'คู่มือการบันทึกบัญชีการรับเงินประกัน', NULL, 'pdf', '617af83e0a4dc544314268ef63fefdad.pdf', 1),
(21, 1563521158, 'คู่มือ', 'http://10.37.64.1/home/web/cletter/show?file=65ad82325c7012ae32bb06567fa9ec7f.pdf', 'url', NULL, 1),
(22, 1563521158, 'วีดีโอแนะนำ', 'https://youtu.be/bEsJj0Wkp5U', 'url', NULL, 1);

--
-- Indexes for dumped tables
--

--
-- Indexes for table `bila`
--
ALTER TABLE `bila`
  ADD PRIMARY KEY (`id`);

--
-- Indexes for table `c_letter`
--
ALTER TABLE `c_letter`
  ADD PRIMARY KEY (`id`),
  ADD UNIQUE KEY `name` (`name`);

--
-- Indexes for table `c_letter_caid`
--
ALTER TABLE `c_letter_caid`
  ADD PRIMARY KEY (`id`),
  ADD UNIQUE KEY `name` (`name`);

--
-- Indexes for table `dep`
--
ALTER TABLE `dep`
  ADD PRIMARY KEY (`id`);

--
-- Indexes for table `fname`
--
ALTER TABLE `fname`
  ADD PRIMARY KEY (`id`);

--
-- Indexes for table `line`
--
ALTER TABLE `line`
  ADD PRIMARY KEY (`id`);

--
-- Indexes for table `line_home`
--
ALTER TABLE `line_home`
  ADD PRIMARY KEY (`id`);

--
-- Indexes for table `log`
--
ALTER TABLE `log`
  ADD PRIMARY KEY (`id`);

--
-- Indexes for table `migration`
--
ALTER TABLE `migration`
  ADD PRIMARY KEY (`version`);

--
-- Indexes for table `profile`
--
ALTER TABLE `profile`
  ADD PRIMARY KEY (`id`),
  ADD UNIQUE KEY `user_id` (`user_id`);

--
-- Indexes for table `sign_boss_name`
--
ALTER TABLE `sign_boss_name`
  ADD PRIMARY KEY (`id`);

--
-- Indexes for table `user`
--
ALTER TABLE `user`
  ADD PRIMARY KEY (`id`),
  ADD UNIQUE KEY `username` (`username`),
  ADD UNIQUE KEY `password_reset_token` (`password_reset_token`);

--
-- Indexes for table `web_link`
--
ALTER TABLE `web_link`
  ADD PRIMARY KEY (`id`);

--
-- Indexes for table `web_link_file`
--
ALTER TABLE `web_link_file`
  ADD PRIMARY KEY (`id`);

--
-- AUTO_INCREMENT for dumped tables
--

--
-- AUTO_INCREMENT for table `bila`
--
ALTER TABLE `bila`
  MODIFY `id` int(11) NOT NULL AUTO_INCREMENT, AUTO_INCREMENT=1566373987;

--
-- AUTO_INCREMENT for table `c_letter`
--
ALTER TABLE `c_letter`
  MODIFY `id` int(11) NOT NULL AUTO_INCREMENT, AUTO_INCREMENT=157;

--
-- AUTO_INCREMENT for table `c_letter_caid`
--
ALTER TABLE `c_letter_caid`
  MODIFY `id` int(11) NOT NULL AUTO_INCREMENT, AUTO_INCREMENT=5;

--
-- AUTO_INCREMENT for table `dep`
--
ALTER TABLE `dep`
  MODIFY `id` int(11) NOT NULL AUTO_INCREMENT, AUTO_INCREMENT=16;

--
-- AUTO_INCREMENT for table `fname`
--
ALTER TABLE `fname`
  MODIFY `id` int(11) NOT NULL AUTO_INCREMENT, AUTO_INCREMENT=4;

--
-- AUTO_INCREMENT for table `line`
--
ALTER TABLE `line`
  MODIFY `id` int(11) NOT NULL AUTO_INCREMENT, AUTO_INCREMENT=20;

--
-- AUTO_INCREMENT for table `line_home`
--
ALTER TABLE `line_home`
  MODIFY `id` int(11) NOT NULL AUTO_INCREMENT, AUTO_INCREMENT=4;

--
-- AUTO_INCREMENT for table `log`
--
ALTER TABLE `log`
  MODIFY `id` int(11) NOT NULL AUTO_INCREMENT, AUTO_INCREMENT=96;

--
-- AUTO_INCREMENT for table `sign_boss_name`
--
ALTER TABLE `sign_boss_name`
  MODIFY `id` int(11) NOT NULL AUTO_INCREMENT, AUTO_INCREMENT=7;

--
-- AUTO_INCREMENT for table `user`
--
ALTER TABLE `user`
  MODIFY `id` int(11) NOT NULL AUTO_INCREMENT, AUTO_INCREMENT=2147483647;

--
-- AUTO_INCREMENT for table `web_link`
--
ALTER TABLE `web_link`
  MODIFY `id` int(11) NOT NULL AUTO_INCREMENT, AUTO_INCREMENT=1563869825;

--
-- AUTO_INCREMENT for table `web_link_file`
--
ALTER TABLE `web_link_file`
  MODIFY `id` int(11) NOT NULL AUTO_INCREMENT, AUTO_INCREMENT=23;
COMMIT;

/*!40101 SET CHARACTER_SET_CLIENT=@OLD_CHARACTER_SET_CLIENT */;
/*!40101 SET CHARACTER_SET_RESULTS=@OLD_CHARACTER_SET_RESULTS */;
/*!40101 SET COLLATION_CONNECTION=@OLD_COLLATION_CONNECTION */;
